PRAGMA foreign_keys = ON;
DELETE FROM wrong_questions;
DELETE FROM user_answers;
DELETE FROM question_explanations;
DELETE FROM question_options;
DELETE FROM questions;
INSERT OR REPLACE INTO questions (id, year, subject_id, chapter_id, question_type, stem, answer, difficulty, source) VALUES ('q_8de2d76cc96e', 2026, 'subj_law', 'chap_mock', 'single', '专利法第四次修改的施行日期是（）', 'B', 'medium', '2026 Mock Exam');
INSERT OR REPLACE INTO question_options (id, question_id, option_key, option_text, is_correct) VALUES ('opt_392ed5a9fb68', 'q_8de2d76cc96e', 'A', '2020 年 1 月 1 日', 0);
INSERT OR REPLACE INTO question_options (id, question_id, option_key, option_text, is_correct) VALUES ('opt_f99d404b5602', 'q_8de2d76cc96e', 'B', '2021 年 6 月 1 日', 1);
INSERT OR REPLACE INTO question_options (id, question_id, option_key, option_text, is_correct) VALUES ('opt_065a56a0cca8', 'q_8de2d76cc96e', 'C', '2024 年 1 月 20 日', 0);
INSERT OR REPLACE INTO question_options (id, question_id, option_key, option_text, is_correct) VALUES ('opt_9c4eced5b419', 'q_8de2d76cc96e', 'D', '2025 年 1 月 1 日', 0);
INSERT OR REPLACE INTO question_explanations (id, question_id, explanation, created_by) VALUES ('exp_c80142fb0331', 'q_8de2d76cc96e', '专利法第四次修改核心为外观设计保护期延长，2021年6月1日起施行。', 'system');
INSERT OR REPLACE INTO questions (id, year, subject_id, chapter_id, question_type, stem, answer, difficulty, source) VALUES ('q_dc03e446ee8c', 2026, 'subj_law', 'chap_mock', 'single', '下列关于实用新型创造性审查的说法正确的是（）', 'A', 'medium', '2026 Mock Exam');
INSERT OR REPLACE INTO question_options (id, question_id, option_key, option_text, is_correct) VALUES ('opt_062211fd38c6', 'q_dc03e446ee8c', 'A', '2024 年 1 月 20 日前申请的实用新型无需审查创造性', 1);
INSERT OR REPLACE INTO question_options (id, question_id, option_key, option_text, is_correct) VALUES ('opt_61a713b2141b', 'q_dc03e446ee8c', 'B', '实用新型创造性标准与发明完全一致', 0);
INSERT OR REPLACE INTO question_options (id, question_id, option_key, option_text, is_correct) VALUES ('opt_178076e38e46', 'q_dc03e446ee8c', 'C', '仅形式审查，不涉及实质性审查', 0);
INSERT OR REPLACE INTO question_options (id, question_id, option_key, option_text, is_correct) VALUES ('opt_8c76a6d97272', 'q_dc03e446ee8c', 'D', '创造性审查仅针对发明专利', 0);
INSERT OR REPLACE INTO question_explanations (id, question_id, explanation, created_by) VALUES ('exp_48f05ad2c23a', 'q_dc03e446ee8c', '2024年1月20日实施细则修改后，实用新型初步审查新增创造性审核，此前申请不适用。', 'system');
INSERT OR REPLACE INTO questions (id, year, subject_id, chapter_id, question_type, stem, answer, difficulty, source) VALUES ('q_565a906ea4ab', 2026, 'subj_law', 'chap_mock', 'single', '职务发明创造的专利申请权归属原则是（）', 'C', 'medium', '2026 Mock Exam');
INSERT OR REPLACE INTO question_options (id, question_id, option_key, option_text, is_correct) VALUES ('opt_31f2cbf847dd', 'q_565a906ea4ab', 'A', '一律归发明人', 0);
INSERT OR REPLACE INTO question_options (id, question_id, option_key, option_text, is_correct) VALUES ('opt_5d5a01378292', 'q_565a906ea4ab', 'B', '一律归单位', 0);
INSERT OR REPLACE INTO question_options (id, question_id, option_key, option_text, is_correct) VALUES ('opt_c630af50c052', 'q_565a906ea4ab', 'C', '执行本单位任务的归单位', 1);
INSERT OR REPLACE INTO question_options (id, question_id, option_key, option_text, is_correct) VALUES ('opt_559bfb268c62', 'q_565a906ea4ab', 'D', '约定优先，无约定归发明人', 0);
INSERT OR REPLACE INTO question_explanations (id, question_id, explanation, created_by) VALUES ('exp_2f5d260c0366', 'q_565a906ea4ab', '职务发明（执行单位任务 / 主要利用单位未公开条件）申请权归单位，发明人享有署名权与奖励权。', 'system');
INSERT OR REPLACE INTO questions (id, year, subject_id, chapter_id, question_type, stem, answer, difficulty, source) VALUES ('q_ef516afe7aaf', 2026, 'subj_law', 'chap_mock', 'single', '委托研发未约定专利申请权归属的，申请权归（）', 'B', 'medium', '2026 Mock Exam');
INSERT OR REPLACE INTO question_options (id, question_id, option_key, option_text, is_correct) VALUES ('opt_f5092629f3ea', 'q_ef516afe7aaf', 'A', '委托方', 0);
INSERT OR REPLACE INTO question_options (id, question_id, option_key, option_text, is_correct) VALUES ('opt_e409f67cde6b', 'q_ef516afe7aaf', 'B', '受托方（完成方）', 1);
INSERT OR REPLACE INTO question_options (id, question_id, option_key, option_text, is_correct) VALUES ('opt_60a7e6b67610', 'q_ef516afe7aaf', 'C', '双方共有', 0);
INSERT OR REPLACE INTO question_options (id, question_id, option_key, option_text, is_correct) VALUES ('opt_f1a351810b3c', 'q_ef516afe7aaf', 'D', '国家所有', 0);
INSERT OR REPLACE INTO question_explanations (id, question_id, explanation, created_by) VALUES ('exp_3c106ca95d6c', 'q_ef516afe7aaf', '委托发明无约定时，申请权归完成发明创造的受托方。', 'system');
INSERT OR REPLACE INTO questions (id, year, subject_id, chapter_id, question_type, stem, answer, difficulty, source) VALUES ('q_2072926d5693', 2026, 'subj_law', 'chap_mock', 'single', '专利申请日的确定规则中，邮寄提交的以（）为准', 'B', 'medium', '2026 Mock Exam');
INSERT OR REPLACE INTO question_options (id, question_id, option_key, option_text, is_correct) VALUES ('opt_6629931f702c', 'q_2072926d5693', 'A', '邮戳日', 0);
INSERT OR REPLACE INTO question_options (id, question_id, option_key, option_text, is_correct) VALUES ('opt_86320afc81af', 'q_2072926d5693', 'B', '专利局收到日', 1);
INSERT OR REPLACE INTO question_options (id, question_id, option_key, option_text, is_correct) VALUES ('opt_29f93b38e458', 'q_2072926d5693', 'C', '寄出日', 0);
INSERT OR REPLACE INTO question_options (id, question_id, option_key, option_text, is_correct) VALUES ('opt_bd4cacee795f', 'q_2072926d5693', 'D', '签收日', 0);
INSERT OR REPLACE INTO question_explanations (id, question_id, explanation, created_by) VALUES ('exp_8890efde512d', 'q_2072926d5693', '邮寄 / 快递提交的，以专利局收到日为申请日，邮戳不清仍按收到日算。', 'system');
INSERT OR REPLACE INTO questions (id, year, subject_id, chapter_id, question_type, stem, answer, difficulty, source) VALUES ('q_f7674787d99a', 2026, 'subj_law', 'chap_mock', 'single', '外观设计专利保护期，2021年6月1日（含）后申请的为（）', 'B', 'medium', '2026 Mock Exam');
INSERT OR REPLACE INTO question_options (id, question_id, option_key, option_text, is_correct) VALUES ('opt_f529871f8255', 'q_f7674787d99a', 'A', '10 年', 0);
INSERT OR REPLACE INTO question_options (id, question_id, option_key, option_text, is_correct) VALUES ('opt_bb9f79a4bd04', 'q_f7674787d99a', 'B', '15 年', 1);
INSERT OR REPLACE INTO question_options (id, question_id, option_key, option_text, is_correct) VALUES ('opt_599ab9d8efef', 'q_f7674787d99a', 'C', '20 年', 0);
INSERT OR REPLACE INTO question_options (id, question_id, option_key, option_text, is_correct) VALUES ('opt_221b3531c3a0', 'q_f7674787d99a', 'D', '5 年', 0);
INSERT OR REPLACE INTO question_explanations (id, question_id, explanation, created_by) VALUES ('exp_f6b473f4dcf2', 'q_f7674787d99a', '2021年专利法修改后，外观设计保护期延长至15年（2021年6月1日前申请仍为10年）。', 'system');
INSERT OR REPLACE INTO questions (id, year, subject_id, chapter_id, question_type, stem, answer, difficulty, source) VALUES ('q_e64bde2e2e60', 2026, 'subj_law', 'chap_mock', 'single', '本国优先权的适用范围是（）', 'C', 'medium', '2026 Mock Exam');
INSERT OR REPLACE INTO question_options (id, question_id, option_key, option_text, is_correct) VALUES ('opt_7fa49dba2c77', 'q_e64bde2e2e60', 'A', '发明、实用新型、外观设计', 0);
INSERT OR REPLACE INTO question_options (id, question_id, option_key, option_text, is_correct) VALUES ('opt_89b880b88c89', 'q_e64bde2e2e60', 'B', '仅发明', 0);
INSERT OR REPLACE INTO question_options (id, question_id, option_key, option_text, is_correct) VALUES ('opt_ba88d65bccc4', 'q_e64bde2e2e60', 'C', '发明与实用新型', 1);
INSERT OR REPLACE INTO question_options (id, question_id, option_key, option_text, is_correct) VALUES ('opt_7c688a37fc8c', 'q_e64bde2e2e60', 'D', '仅外观设计', 0);
INSERT OR REPLACE INTO question_explanations (id, question_id, explanation, created_by) VALUES ('exp_5d52f91f7962', 'q_e64bde2e2e60', '本国优先权仅适用于发明和实用新型，期限 12 个月，外观设计无本国优先权。', 'system');
INSERT OR REPLACE INTO questions (id, year, subject_id, chapter_id, question_type, stem, answer, difficulty, source) VALUES ('q_08fee22fa1d6', 2026, 'subj_law', 'chap_mock', 'single', '下列不丧失新颖性的宽限期为 6 个月的情形是（）', 'B', 'medium', '2026 Mock Exam');
INSERT OR REPLACE INTO question_options (id, question_id, option_key, option_text, is_correct) VALUES ('opt_16c2a45596ea', 'q_08fee22fa1d6', 'A', '申请人自行在学术会议公开', 0);
INSERT OR REPLACE INTO question_options (id, question_id, option_key, option_text, is_correct) VALUES ('opt_b920a0cfe232', 'q_08fee22fa1d6', 'B', '他人擅自泄露发明创造内容', 1);
INSERT OR REPLACE INTO question_options (id, question_id, option_key, option_text, is_correct) VALUES ('opt_52ee2a7c28cc', 'q_08fee22fa1d6', 'C', '产品在国内市场公开销售', 0);
INSERT OR REPLACE INTO question_options (id, question_id, option_key, option_text, is_correct) VALUES ('opt_d03a28732bb3', 'q_08fee22fa1d6', 'D', '专利申请文件提前公布', 0);
INSERT OR REPLACE INTO question_explanations (id, question_id, explanation, created_by) VALUES ('exp_d2773ba2d496', 'q_08fee22fa1d6', '宽限期适用情形：国际展会、学术会议公开；他人擅自泄露，需主动声明并提交证明。', 'system');
INSERT OR REPLACE INTO questions (id, year, subject_id, chapter_id, question_type, stem, answer, difficulty, source) VALUES ('q_37a4752b17b7', 2026, 'subj_law', 'chap_mock', 'single', '创造性判断中，“所属技术领域的技术人员”具备的能力是（）', 'A', 'medium', '2026 Mock Exam');
INSERT OR REPLACE INTO question_options (id, question_id, option_key, option_text, is_correct) VALUES ('opt_61e94e914aa8', 'q_37a4752b17b7', 'A', '知晓所属领域现有技术', 1);
INSERT OR REPLACE INTO question_options (id, question_id, option_key, option_text, is_correct) VALUES ('opt_eb915b832fcf', 'q_37a4752b17b7', 'B', '具备创造性思维', 0);
INSERT OR REPLACE INTO question_options (id, question_id, option_key, option_text, is_correct) VALUES ('opt_c99ab03b1591', 'q_37a4752b17b7', 'C', '可预见所有技术效果', 0);
INSERT OR REPLACE INTO question_options (id, question_id, option_key, option_text, is_correct) VALUES ('opt_1497f0e52d90', 'q_37a4752b17b7', 'D', '掌握跨领域技术知识', 0);
INSERT OR REPLACE INTO question_explanations (id, question_id, explanation, created_by) VALUES ('exp_18e68a5bf975', 'q_37a4752b17b7', '该“假设人”知晓申请日（优先权日）前所属领域现有技术，无创造能力。', 'system');
INSERT OR REPLACE INTO questions (id, year, subject_id, chapter_id, question_type, stem, answer, difficulty, source) VALUES ('q_a175b29f48a0', 2026, 'subj_law', 'chap_mock', 'single', '下列可授予实用新型专利权的是（）', 'B', 'medium', '2026 Mock Exam');
INSERT OR REPLACE INTO question_options (id, question_id, option_key, option_text, is_correct) VALUES ('opt_0355b652457f', 'q_a175b29f48a0', 'A', '治疗癌症的方法', 0);
INSERT OR REPLACE INTO question_options (id, question_id, option_key, option_text, is_correct) VALUES ('opt_dfd66f8576f2', 'q_a175b29f48a0', 'B', '带折叠结构的手机支架', 1);
INSERT OR REPLACE INTO question_options (id, question_id, option_key, option_text, is_correct) VALUES ('opt_058f98c43769', 'q_a175b29f48a0', 'C', '计算机程序', 0);
INSERT OR REPLACE INTO question_options (id, question_id, option_key, option_text, is_correct) VALUES ('opt_20ee8dfdb192', 'q_a175b29f48a0', 'D', '新型化学组合物', 0);
INSERT OR REPLACE INTO question_explanations (id, question_id, explanation, created_by) VALUES ('exp_ee865d68f0e5', 'q_a175b29f48a0', '实用新型保护产品形状 / 构造，A 为方法、C 为程序、D 为组合物，均不授权。', 'system');
INSERT OR REPLACE INTO questions (id, year, subject_id, chapter_id, question_type, stem, answer, difficulty, source) VALUES ('q_5e6b2e0fad52', 2026, 'subj_law', 'chap_mock', 'single', '专利侵权赔偿的计算顺序是（）', 'B', 'medium', '2026 Mock Exam');
INSERT OR REPLACE INTO question_options (id, question_id, option_key, option_text, is_correct) VALUES ('opt_14bc8a9e0fca', 'q_5e6b2e0fad52', 'A', '实际损失→法定赔偿→侵权获利→许可费倍数', 0);
INSERT OR REPLACE INTO question_options (id, question_id, option_key, option_text, is_correct) VALUES ('opt_eea8b4929c9e', 'q_5e6b2e0fad52', 'B', '实际损失→侵权获利→许可费倍数→法定赔偿', 1);
INSERT OR REPLACE INTO question_options (id, question_id, option_key, option_text, is_correct) VALUES ('opt_9c427739d0fd', 'q_5e6b2e0fad52', 'C', '法定赔偿→实际损失→侵权获利→许可费倍数', 0);
INSERT OR REPLACE INTO question_options (id, question_id, option_key, option_text, is_correct) VALUES ('opt_da8e43cbf17a', 'q_5e6b2e0fad52', 'D', '侵权获利→实际损失→许可费倍数→法定赔偿', 0);
INSERT OR REPLACE INTO question_explanations (id, question_id, explanation, created_by) VALUES ('exp_226cefb4eb01', 'q_5e6b2e0fad52', '赔偿顺序优先按实际损失、侵权获利、许可费倍数（1-5 倍），前三项无法确定时适用法定赔偿。', 'system');
INSERT OR REPLACE INTO questions (id, year, subject_id, chapter_id, question_type, stem, answer, difficulty, source) VALUES ('q_82d0d741ed33', 2026, 'subj_law', 'chap_mock', 'single', '外观设计专利权的保护范围不包括（）', 'B', 'medium', '2026 Mock Exam');
INSERT OR REPLACE INTO question_options (id, question_id, option_key, option_text, is_correct) VALUES ('opt_d1a6909b0859', 'q_82d0d741ed33', 'A', '制造', 0);
INSERT OR REPLACE INTO question_options (id, question_id, option_key, option_text, is_correct) VALUES ('opt_cc78a560e422', 'q_82d0d741ed33', 'B', '使用', 1);
INSERT OR REPLACE INTO question_options (id, question_id, option_key, option_text, is_correct) VALUES ('opt_e8e322eaa401', 'q_82d0d741ed33', 'C', '销售', 0);
INSERT OR REPLACE INTO question_options (id, question_id, option_key, option_text, is_correct) VALUES ('opt_dc24cd1b75a7', 'q_82d0d741ed33', 'D', '许诺销售', 0);
INSERT OR REPLACE INTO question_explanations (id, question_id, explanation, created_by) VALUES ('exp_542bacc9adbf', 'q_82d0d741ed33', '外观设计专利权内容：制造、许诺销售、销售、进口，无“使用”权。', 'system');
INSERT OR REPLACE INTO questions (id, year, subject_id, chapter_id, question_type, stem, answer, difficulty, source) VALUES ('q_dc4e07eed561', 2026, 'subj_law', 'chap_mock', 'single', '无效宣告请求的主体是（）', 'C', 'medium', '2026 Mock Exam');
INSERT OR REPLACE INTO question_options (id, question_id, option_key, option_text, is_correct) VALUES ('opt_22ae94405d7a', 'q_dc4e07eed561', 'A', '仅专利权人', 0);
INSERT OR REPLACE INTO question_options (id, question_id, option_key, option_text, is_correct) VALUES ('opt_bce0e085ad6d', 'q_dc4e07eed561', 'B', '仅利害关系人', 0);
INSERT OR REPLACE INTO question_options (id, question_id, option_key, option_text, is_correct) VALUES ('opt_04d3d261ff13', 'q_dc4e07eed561', 'C', '任何单位或个人', 1);
INSERT OR REPLACE INTO question_options (id, question_id, option_key, option_text, is_correct) VALUES ('opt_3fd5500111c6', 'q_dc4e07eed561', 'D', '仅专利代理机构', 0);
INSERT OR REPLACE INTO question_explanations (id, question_id, explanation, created_by) VALUES ('exp_90f63fccc29a', 'q_dc4e07eed561', '无效宣告授权后任何时间均可提出，请求主体为任何单位或个人，专利权终止后仍可提出。', 'system');
INSERT OR REPLACE INTO questions (id, year, subject_id, chapter_id, question_type, stem, answer, difficulty, source) VALUES ('q_a80d609bfcc8', 2026, 'subj_law', 'chap_mock', 'single', '复审请求的期限是收到驳回决定之日起（）', 'C', 'medium', '2026 Mock Exam');
INSERT OR REPLACE INTO question_options (id, question_id, option_key, option_text, is_correct) VALUES ('opt_70c08c836035', 'q_a80d609bfcc8', 'A', '1 个月', 0);
INSERT OR REPLACE INTO question_options (id, question_id, option_key, option_text, is_correct) VALUES ('opt_d7abd86cdd7d', 'q_a80d609bfcc8', 'B', '2 个月', 0);
INSERT OR REPLACE INTO question_options (id, question_id, option_key, option_text, is_correct) VALUES ('opt_7dd279807fd5', 'q_a80d609bfcc8', 'C', '3 个月', 1);
INSERT OR REPLACE INTO question_options (id, question_id, option_key, option_text, is_correct) VALUES ('opt_a14542e3c146', 'q_a80d609bfcc8', 'D', '6 个月', 0);
INSERT OR REPLACE INTO question_explanations (id, question_id, explanation, created_by) VALUES ('exp_ed92338db1ff', 'q_a80d609bfcc8', '复审请求需在收到驳回决定后 3 个月内提出，逾期未提出视为放弃。', 'system');
INSERT OR REPLACE INTO questions (id, year, subject_id, chapter_id, question_type, stem, answer, difficulty, source) VALUES ('q_e0c18ab0fab0', 2026, 'subj_law', 'chap_mock', 'single', '专利代理师执业需满足的条件是（）', 'C', 'medium', '2026 Mock Exam');
INSERT OR REPLACE INTO question_options (id, question_id, option_key, option_text, is_correct) VALUES ('opt_8c06528a0439', 'q_e0c18ab0fab0', 'A', '文科本科以上学历', 0);
INSERT OR REPLACE INTO question_options (id, question_id, option_key, option_text, is_correct) VALUES ('opt_46e22c106099', 'q_e0c18ab0fab0', 'B', '实习满6个月', 0);
INSERT OR REPLACE INTO question_options (id, question_id, option_key, option_text, is_correct) VALUES ('opt_9281305c47cf', 'q_e0c18ab0fab0', 'C', '理工科大专以上学历 + 通过考试', 1);
INSERT OR REPLACE INTO question_options (id, question_id, option_key, option_text, is_correct) VALUES ('opt_222deafbf07b', 'q_e0c18ab0fab0', 'D', '无需专职执业', 0);
INSERT OR REPLACE INTO question_explanations (id, question_id, explanation, created_by) VALUES ('exp_bfe4a0a5830a', 'q_e0c18ab0fab0', '代理师资格要求：理工科大专以上 + 考试合格 + 无故意犯罪记录，执业需实习满 1 年并专职。', 'system');
INSERT OR REPLACE INTO questions (id, year, subject_id, chapter_id, question_type, stem, answer, difficulty, source) VALUES ('q_2873612bf496', 2026, 'subj_law', 'chap_mock', 'single', '下列不属于专利侵权抗辩事由的是（）', 'D', 'medium', '2026 Mock Exam');
INSERT OR REPLACE INTO question_options (id, question_id, option_key, option_text, is_correct) VALUES ('opt_35b9bd1f4312', 'q_2873612bf496', 'A', '现有技术抗辩', 0);
INSERT OR REPLACE INTO question_options (id, question_id, option_key, option_text, is_correct) VALUES ('opt_fbd84e521892', 'q_2873612bf496', 'B', '权利用尽', 0);
INSERT OR REPLACE INTO question_options (id, question_id, option_key, option_text, is_correct) VALUES ('opt_7cae49619c13', 'q_2873612bf496', 'C', '临时过境', 0);
INSERT OR REPLACE INTO question_options (id, question_id, option_key, option_text, is_correct) VALUES ('opt_a34a3ff42a9f', 'q_2873612bf496', 'D', '未缴年费', 1);
INSERT OR REPLACE INTO question_explanations (id, question_id, explanation, created_by) VALUES ('exp_26b094999b6b', 'q_2873612bf496', '未缴年费导致专利权终止，并非侵权抗辩事由；A、B、C均为法定不侵权抗辩。', 'system');
INSERT OR REPLACE INTO questions (id, year, subject_id, chapter_id, question_type, stem, answer, difficulty, source) VALUES ('q_6f11da46b16a', 2026, 'subj_law', 'chap_mock', 'single', '合作发明无约定时，专利申请权的行使规则是（）', 'B', 'medium', '2026 Mock Exam');
INSERT OR REPLACE INTO question_options (id, question_id, option_key, option_text, is_correct) VALUES ('opt_d69784c9a8f9', 'q_6f11da46b16a', 'A', '任一共有人可单独转让', 0);
INSERT OR REPLACE INTO question_options (id, question_id, option_key, option_text, is_correct) VALUES ('opt_950528c2ebca', 'q_6f11da46b16a', 'B', '普通许可可单独实施', 1);
INSERT OR REPLACE INTO question_options (id, question_id, option_key, option_text, is_correct) VALUES ('opt_4d50b96ffe05', 'q_6f11da46b16a', 'C', '出质无需共有人同意', 0);
INSERT OR REPLACE INTO question_options (id, question_id, option_key, option_text, is_correct) VALUES ('opt_c36cd4362ba7', 'q_6f11da46b16a', 'D', '可单独放弃申请权', 0);
INSERT OR REPLACE INTO question_explanations (id, question_id, explanation, created_by) VALUES ('exp_197abe53ee2f', 'q_6f11da46b16a', '合作发明共有人共同享有申请权，转让、出质需全体同意，普通许可可单独实施（使用费分配）。', 'system');
INSERT OR REPLACE INTO questions (id, year, subject_id, chapter_id, question_type, stem, answer, difficulty, source) VALUES ('q_98907f49850d', 2026, 'subj_law', 'chap_mock', 'single', '专利申请文件修改的限制是（）', 'C', 'medium', '2026 Mock Exam');
INSERT OR REPLACE INTO question_options (id, question_id, option_key, option_text, is_correct) VALUES ('opt_a828fb606c83', 'q_98907f49850d', 'A', '可超出原申请文件记载范围', 0);
INSERT OR REPLACE INTO question_options (id, question_id, option_key, option_text, is_correct) VALUES ('opt_c3d753ff41d8', 'q_98907f49850d', 'B', '仅发明可修改，实用新型不可', 0);
INSERT OR REPLACE INTO question_options (id, question_id, option_key, option_text, is_correct) VALUES ('opt_268440bc4e36', 'q_98907f49850d', 'C', '不得超出原说明书和权利要求书记载范围', 1);
INSERT OR REPLACE INTO question_options (id, question_id, option_key, option_text, is_correct) VALUES ('opt_7a0ae73029e5', 'q_98907f49850d', 'D', '外观设计可修改设计核心特征', 0);
INSERT OR REPLACE INTO question_explanations (id, question_id, explanation, created_by) VALUES ('exp_9e801055dfe4', 'q_98907f49850d', '任何专利申请的修改均不得超出原申请文件记载范围，否则不符合规定。', 'system');
INSERT OR REPLACE INTO questions (id, year, subject_id, chapter_id, question_type, stem, answer, difficulty, source) VALUES ('q_c40e73dad3c8', 2026, 'subj_law', 'chap_mock', 'single', '专利权终止的原因不包括（）', 'C', 'medium', '2026 Mock Exam');
INSERT OR REPLACE INTO question_options (id, question_id, option_key, option_text, is_correct) VALUES ('opt_620a39aecf60', 'q_c40e73dad3c8', 'A', '保护期届满', 0);
INSERT OR REPLACE INTO question_options (id, question_id, option_key, option_text, is_correct) VALUES ('opt_c63e3c036a31', 'q_c40e73dad3c8', 'B', '未缴纳年费', 0);
INSERT OR REPLACE INTO question_options (id, question_id, option_key, option_text, is_correct) VALUES ('opt_59e731cd9501', 'q_c40e73dad3c8', 'C', '被宣告无效', 1);
INSERT OR REPLACE INTO question_options (id, question_id, option_key, option_text, is_correct) VALUES ('opt_b420a8d0a74a', 'q_c40e73dad3c8', 'D', '书面放弃', 0);
INSERT OR REPLACE INTO question_explanations (id, question_id, explanation, created_by) VALUES ('exp_adfd6492ae3f', 'q_c40e73dad3c8', '无效宣告为专利权自始无效，不属于终止；终止原因包括期限届满、未缴费、书面放弃。', 'system');
INSERT OR REPLACE INTO questions (id, year, subject_id, chapter_id, question_type, stem, answer, difficulty, source) VALUES ('q_493f1c46ee58', 2026, 'subj_law', 'chap_mock', 'single', '下列可作为专利申请人的是（）', 'B', 'medium', '2026 Mock Exam');
INSERT OR REPLACE INTO question_options (id, question_id, option_key, option_text, is_correct) VALUES ('opt_d5a7e0a2f5a5', 'q_493f1c46ee58', 'A', '公司研发部门', 0);
INSERT OR REPLACE INTO question_options (id, question_id, option_key, option_text, is_correct) VALUES ('opt_2698123741ce', 'q_493f1c46ee58', 'B', '10 岁小学生（限制民事行为能力人）', 1);
INSERT OR REPLACE INTO question_options (id, question_id, option_key, option_text, is_correct) VALUES ('opt_6852909947e4', 'q_493f1c46ee58', 'C', '专利代理机构（以自己名义）', 0);
INSERT OR REPLACE INTO question_options (id, question_id, option_key, option_text, is_correct) VALUES ('opt_20d0b0195e09', 'q_493f1c46ee58', 'D', '无国籍人（非巴黎公约成员国）', 0);
INSERT OR REPLACE INTO question_explanations (id, question_id, explanation, created_by) VALUES ('exp_f8304c305a92', 'q_493f1c46ee58', '申请人可为自然人（含限制民事行为能力人）、法人；A 无民事主体资格，C 不得自行申请，D 需符合国际条约规定。', 'system');
INSERT OR REPLACE INTO questions (id, year, subject_id, chapter_id, question_type, stem, answer, difficulty, source) VALUES ('q_d469aea31baf', 2026, 'subj_law', 'chap_mock', 'single', '专利侵权纠纷的行政处理部门不包括（）', 'C', 'medium', '2026 Mock Exam');
INSERT OR REPLACE INTO question_options (id, question_id, option_key, option_text, is_correct) VALUES ('opt_9184f0f8a1e8', 'q_d469aea31baf', 'A', '省知识产权局', 0);
INSERT OR REPLACE INTO question_options (id, question_id, option_key, option_text, is_correct) VALUES ('opt_ff2619852624', 'q_d469aea31baf', 'B', '地级市知识产权局', 0);
INSERT OR REPLACE INTO question_options (id, question_id, option_key, option_text, is_correct) VALUES ('opt_e9ad95619660', 'q_d469aea31baf', 'C', '知识产权保护中心', 1);
INSERT OR REPLACE INTO question_options (id, question_id, option_key, option_text, is_correct) VALUES ('opt_1357c881534a', 'q_d469aea31baf', 'D', '区知识产权局', 0);
INSERT OR REPLACE INTO question_explanations (id, question_id, explanation, created_by) VALUES ('exp_647785188eba', 'q_d469aea31baf', '知识产权保护中心无纠纷处理权，省、地级市、区（专利管理工作量大）知识产权局可处理。', 'system');
INSERT OR REPLACE INTO questions (id, year, subject_id, chapter_id, question_type, stem, answer, difficulty, source) VALUES ('q_2f2b24848f81', 2026, 'subj_law', 'chap_mock', 'single', '实用新型专利初步审查的新增内容（2024年修改）是（）', 'B', 'medium', '2026 Mock Exam');
INSERT OR REPLACE INTO question_options (id, question_id, option_key, option_text, is_correct) VALUES ('opt_bf81504ff981', 'q_2f2b24848f81', 'A', '新颖性审查', 0);
INSERT OR REPLACE INTO question_options (id, question_id, option_key, option_text, is_correct) VALUES ('opt_3e70683edd07', 'q_2f2b24848f81', 'B', '创造性审查', 1);
INSERT OR REPLACE INTO question_options (id, question_id, option_key, option_text, is_correct) VALUES ('opt_5489780d24b5', 'q_2f2b24848f81', 'C', '实用性审查', 0);
INSERT OR REPLACE INTO question_options (id, question_id, option_key, option_text, is_correct) VALUES ('opt_26f144c8bdd9', 'q_2f2b24848f81', 'D', '单一性审查', 0);
INSERT OR REPLACE INTO question_explanations (id, question_id, explanation, created_by) VALUES ('exp_1c1fac2eac83', 'q_2f2b24848f81', '2024年1月20日实施细则修改后，实用新型初步审查需审核创造性。', 'system');
INSERT OR REPLACE INTO questions (id, year, subject_id, chapter_id, question_type, stem, answer, difficulty, source) VALUES ('q_979f9c9e682c', 2026, 'subj_law', 'chap_mock', 'single', '优先权援引加入制度的适用时间是（）', 'A', 'medium', '2026 Mock Exam');
INSERT OR REPLACE INTO question_options (id, question_id, option_key, option_text, is_correct) VALUES ('opt_caee0d9f785a', 'q_979f9c9e682c', 'A', '2024 年 1 月 20 日后提出的专利申请', 1);
INSERT OR REPLACE INTO question_options (id, question_id, option_key, option_text, is_correct) VALUES ('opt_e3919d304c19', 'q_979f9c9e682c', 'B', '2021 年 6 月 1 日后提出的专利申请', 0);
INSERT OR REPLACE INTO question_options (id, question_id, option_key, option_text, is_correct) VALUES ('opt_40e8f09364e5', 'q_979f9c9e682c', 'C', '所有未授权专利申请', 0);
INSERT OR REPLACE INTO question_options (id, question_id, option_key, option_text, is_correct) VALUES ('opt_2aa293b9ce14', 'q_979f9c9e682c', 'D', '仅发明专利申请', 0);
INSERT OR REPLACE INTO question_explanations (id, question_id, explanation, created_by) VALUES ('exp_8e30c24c577b', 'q_979f9c9e682c', '2024 年新增制度，要求优先权的专利可补入在先申请文件记载的技术内容。', 'system');
INSERT OR REPLACE INTO questions (id, year, subject_id, chapter_id, question_type, stem, answer, difficulty, source) VALUES ('q_3d3f2b2fc4bb', 2026, 'subj_law', 'chap_mock', 'single', '诚实信用原则的适用范围不包括（）', 'D', 'medium', '2026 Mock Exam');
INSERT OR REPLACE INTO question_options (id, question_id, option_key, option_text, is_correct) VALUES ('opt_573f908240c4', 'q_3d3f2b2fc4bb', 'A', '专利申请阶段', 0);
INSERT OR REPLACE INTO question_options (id, question_id, option_key, option_text, is_correct) VALUES ('opt_73d4a04d9325', 'q_3d3f2b2fc4bb', 'B', '专利权授权后行使', 0);
INSERT OR REPLACE INTO question_options (id, question_id, option_key, option_text, is_correct) VALUES ('opt_6164b4e96326', 'q_3d3f2b2fc4bb', 'C', '专利代理执业', 0);
INSERT OR REPLACE INTO question_options (id, question_id, option_key, option_text, is_correct) VALUES ('opt_ffe8c74e2054', 'q_3d3f2b2fc4bb', 'D', '专利文献检索', 1);
INSERT OR REPLACE INTO question_explanations (id, question_id, explanation, created_by) VALUES ('exp_d2f1672bf7d6', 'q_3d3f2b2fc4bb', '诚信原则适用于申请、初审、实审、复审、无效、授权后行使全流程，及代理执业。', 'system');
INSERT OR REPLACE INTO questions (id, year, subject_id, chapter_id, question_type, stem, answer, difficulty, source) VALUES ('q_aa09f65cb0e2', 2026, 'subj_law', 'chap_mock', 'single', '专利侵权一审案件的管辖法院不包括（）', 'C', 'medium', '2026 Mock Exam');
INSERT OR REPLACE INTO question_options (id, question_id, option_key, option_text, is_correct) VALUES ('opt_f50b48efdcef', 'q_aa09f65cb0e2', 'A', '知识产权法院', 0);
INSERT OR REPLACE INTO question_options (id, question_id, option_key, option_text, is_correct) VALUES ('opt_b946100f8c18', 'q_aa09f65cb0e2', 'B', '省级政府所在地中院', 0);
INSERT OR REPLACE INTO question_options (id, question_id, option_key, option_text, is_correct) VALUES ('opt_2fd806e4daf4', 'q_aa09f65cb0e2', 'C', '未经批准的基层法院', 1);
INSERT OR REPLACE INTO question_options (id, question_id, option_key, option_text, is_correct) VALUES ('opt_22e6d50268cc', 'q_aa09f65cb0e2', 'D', '经最高法批准的基层法院', 0);
INSERT OR REPLACE INTO question_explanations (id, question_id, explanation, created_by) VALUES ('exp_2e7171e4db6e', 'q_aa09f65cb0e2', '外观设计侵权 / 权属一审可由经批准的基层法院管辖，未经批准的基层法院无管辖权。', 'system');
INSERT OR REPLACE INTO questions (id, year, subject_id, chapter_id, question_type, stem, answer, difficulty, source) VALUES ('q_22b533d2acd9', 2026, 'subj_law', 'chap_mock', 'single', '下列不属于职务发明的是（）', 'C', 'medium', '2026 Mock Exam');
INSERT OR REPLACE INTO question_options (id, question_id, option_key, option_text, is_correct) VALUES ('opt_217b43cc17cc', 'q_22b533d2acd9', 'A', '在职期间执行单位研发任务完成的发明', 0);
INSERT OR REPLACE INTO question_options (id, question_id, option_key, option_text, is_correct) VALUES ('opt_f463221f892e', 'q_22b533d2acd9', 'B', '退休后 1 年内完成的与原工作相关的发明', 0);
INSERT OR REPLACE INTO question_options (id, question_id, option_key, option_text, is_correct) VALUES ('opt_9b5e7ac78797', 'q_22b533d2acd9', 'C', '利用单位公开资料完成的非本职发明', 1);
INSERT OR REPLACE INTO question_options (id, question_id, option_key, option_text, is_correct) VALUES ('opt_57a4eff6aaf5', 'q_22b533d2acd9', 'D', '借调期间执行原单位任务完成的发明', 0);
INSERT OR REPLACE INTO question_explanations (id, question_id, explanation, created_by) VALUES ('exp_b930bda74bbd', 'q_22b533d2acd9', '职务发明需满足“执行单位任务”或“主要利用单位未公开物质技术条件”，C 不满足。', 'system');
INSERT OR REPLACE INTO questions (id, year, subject_id, chapter_id, question_type, stem, answer, difficulty, source) VALUES ('q_c350ded41530', 2026, 'subj_law', 'chap_mock', 'single', '专利年费的缴纳起始时间是（）', 'B', 'medium', '2026 Mock Exam');
INSERT OR REPLACE INTO question_options (id, question_id, option_key, option_text, is_correct) VALUES ('opt_7c16e59df060', 'q_c350ded41530', 'A', '申请日当年', 0);
INSERT OR REPLACE INTO question_options (id, question_id, option_key, option_text, is_correct) VALUES ('opt_2e4eefdce6be', 'q_c350ded41530', 'B', '授予专利权当年', 1);
INSERT OR REPLACE INTO question_options (id, question_id, option_key, option_text, is_correct) VALUES ('opt_565ee6f68e6e', 'q_c350ded41530', 'C', '优先权日当年', 0);
INSERT OR REPLACE INTO question_options (id, question_id, option_key, option_text, is_correct) VALUES ('opt_8cbe7f84f5b1', 'q_c350ded41530', 'D', '公布日当年', 0);
INSERT OR REPLACE INTO question_explanations (id, question_id, explanation, created_by) VALUES ('exp_4f899c397790', 'q_c350ded41530', '年费自授予专利权当年起缴纳，未按时缴纳或缴足的，专利权终止。', 'system');
INSERT OR REPLACE INTO questions (id, year, subject_id, chapter_id, question_type, stem, answer, difficulty, source) VALUES ('q_c796743cc116', 2026, 'subj_law', 'chap_mock', 'single', '下列不可授予专利权的主题是（）', 'C', 'medium', '2026 Mock Exam');
INSERT OR REPLACE INTO question_options (id, question_id, option_key, option_text, is_correct) VALUES ('opt_debc181ea822', 'q_c796743cc116', 'A', '新型水稻培育方法', 0);
INSERT OR REPLACE INTO question_options (id, question_id, option_key, option_text, is_correct) VALUES ('opt_04d00c6b910f', 'q_c796743cc116', 'B', '治疗感冒的药物组合物', 0);
INSERT OR REPLACE INTO question_options (id, question_id, option_key, option_text, is_correct) VALUES ('opt_f708508a7ed7', 'q_c796743cc116', 'C', '赌博工具', 1);
INSERT OR REPLACE INTO question_options (id, question_id, option_key, option_text, is_correct) VALUES ('opt_09c572abd6ce', 'q_c796743cc116', 'D', '智能机器人', 0);
INSERT OR REPLACE INTO question_explanations (id, question_id, explanation, created_by) VALUES ('exp_b287c5faa9d2', 'q_c796743cc116', '违反法律、社会公德的发明创造（如赌博工具）不授予专利权。', 'system');
INSERT OR REPLACE INTO questions (id, year, subject_id, chapter_id, question_type, stem, answer, difficulty, source) VALUES ('q_67510f857639', 2026, 'subj_law', 'chap_mock', 'single', '无效宣告程序中，外文证据的要求是（）', 'B', 'medium', '2026 Mock Exam');
INSERT OR REPLACE INTO question_options (id, question_id, option_key, option_text, is_correct) VALUES ('opt_c1b5b3511046', 'q_67510f857639', 'A', '无需提交中文译文', 0);
INSERT OR REPLACE INTO question_options (id, question_id, option_key, option_text, is_correct) VALUES ('opt_be23edf67fc8', 'q_67510f857639', 'B', '需在请求时提交中文译文', 1);
INSERT OR REPLACE INTO question_options (id, question_id, option_key, option_text, is_correct) VALUES ('opt_3dd4e3eda129', 'q_67510f857639', 'C', '可在口审时补充译文', 0);
INSERT OR REPLACE INTO question_options (id, question_id, option_key, option_text, is_correct) VALUES ('opt_99dda70112b0', 'q_67510f857639', 'D', '译文无需签章', 0);
INSERT OR REPLACE INTO question_explanations (id, question_id, explanation, created_by) VALUES ('exp_3d8288009c3f', 'q_67510f857639', '外文证据需提交中文译文，未提交视为未提交该证据。', 'system');
INSERT OR REPLACE INTO questions (id, year, subject_id, chapter_id, question_type, stem, answer, difficulty, source) VALUES ('q_adb842ffde4e', 2026, 'subj_law', 'chap_mock', 'single', '专利代理机构设立普通合伙企业的条件是（）', 'B', 'medium', '2026 Mock Exam');
INSERT OR REPLACE INTO question_options (id, question_id, option_key, option_text, is_correct) VALUES ('opt_b1b9b9758186', 'q_adb842ffde4e', 'A', '1 名以上专利代理师', 0);
INSERT OR REPLACE INTO question_options (id, question_id, option_key, option_text, is_correct) VALUES ('opt_adee7c6a71a2', 'q_adb842ffde4e', 'B', '2 名以上合伙人（均为执业 2 年以上代理师）', 1);
INSERT OR REPLACE INTO question_options (id, question_id, option_key, option_text, is_correct) VALUES ('opt_ef676d579901', 'q_adb842ffde4e', 'C', '5 名以上股东', 0);
INSERT OR REPLACE INTO question_options (id, question_id, option_key, option_text, is_correct) VALUES ('opt_d2dd873139b5', 'q_adb842ffde4e', 'D', '注册资本 100 万元以上', 0);
INSERT OR REPLACE INTO question_explanations (id, question_id, explanation, created_by) VALUES ('exp_fd9d644c6a45', 'q_adb842ffde4e', '普通合伙代理机构需 2 名以上合伙人，均为专利代理师且执业 2 年以上。 # 二、多项选择题（每题 1.5 分，共 105 分，多选、少选、错选均不得分）', 'system');
INSERT OR REPLACE INTO questions (id, year, subject_id, chapter_id, question_type, stem, answer, difficulty, source) VALUES ('q_18b33ee8010d', 2026, 'subj_law', 'chap_mock', 'multiple', '专利法的基本原则包括（）', 'ABC', 'medium', '2026 Mock Exam');
INSERT OR REPLACE INTO question_options (id, question_id, option_key, option_text, is_correct) VALUES ('opt_84431f531dcc', 'q_18b33ee8010d', 'A', '诚实信用原则', 1);
INSERT OR REPLACE INTO question_options (id, question_id, option_key, option_text, is_correct) VALUES ('opt_ba593653df61', 'q_18b33ee8010d', 'B', '先申请原则', 1);
INSERT OR REPLACE INTO question_options (id, question_id, option_key, option_text, is_correct) VALUES ('opt_f746c0272099', 'q_18b33ee8010d', 'C', '单一性原则', 1);
INSERT OR REPLACE INTO question_options (id, question_id, option_key, option_text, is_correct) VALUES ('opt_bb92698900b4', 'q_18b33ee8010d', 'D', '无偿使用原则', 0);
INSERT OR REPLACE INTO question_explanations (id, question_id, explanation, created_by) VALUES ('exp_6e95a25e8adc', 'q_18b33ee8010d', '核心原则：诚信、先申请、单一性，无“无偿使用原则”。', 'system');
INSERT OR REPLACE INTO questions (id, year, subject_id, chapter_id, question_type, stem, answer, difficulty, source) VALUES ('q_0402a4d417fc', 2026, 'subj_law', 'chap_mock', 'multiple', '2024 年专利法实施细则修改新增的内容包括（）', 'ABC', 'medium', '2026 Mock Exam');
INSERT OR REPLACE INTO question_options (id, question_id, option_key, option_text, is_correct) VALUES ('opt_e5adc3271590', 'q_0402a4d417fc', 'A', '诚实信用原则适用', 1);
INSERT OR REPLACE INTO question_options (id, question_id, option_key, option_text, is_correct) VALUES ('opt_21d29fd755c7', 'q_0402a4d417fc', 'B', '实用新型创造性审查', 1);
INSERT OR REPLACE INTO question_options (id, question_id, option_key, option_text, is_correct) VALUES ('opt_1f50b4d41dd0', 'q_0402a4d417fc', 'C', '优先权援引加入制度', 1);
INSERT OR REPLACE INTO question_options (id, question_id, option_key, option_text, is_correct) VALUES ('opt_5b7df2df7053', 'q_0402a4d417fc', 'D', '外观设计保护期延长', 0);
INSERT OR REPLACE INTO question_explanations (id, question_id, explanation, created_by) VALUES ('exp_6155ad60351f', 'q_0402a4d417fc', 'D 为 2021 年专利法修改内容，A、B、C 为 2024 年实施细则新增。', 'system');
INSERT OR REPLACE INTO questions (id, year, subject_id, chapter_id, question_type, stem, answer, difficulty, source) VALUES ('q_3a5766b97215', 2026, 'subj_law', 'chap_mock', 'multiple', '职务发明中，发明人享有的权利包括（）', 'ACD', 'medium', '2026 Mock Exam');
INSERT OR REPLACE INTO question_options (id, question_id, option_key, option_text, is_correct) VALUES ('opt_6496cc5a34ec', 'q_3a5766b97215', 'A', '署名权', 1);
INSERT OR REPLACE INTO question_options (id, question_id, option_key, option_text, is_correct) VALUES ('opt_a46fa6c64d50', 'q_3a5766b97215', 'B', '专利申请权', 0);
INSERT OR REPLACE INTO question_options (id, question_id, option_key, option_text, is_correct) VALUES ('opt_a4232bd194e3', 'q_3a5766b97215', 'C', '获得奖励权', 1);
INSERT OR REPLACE INTO question_options (id, question_id, option_key, option_text, is_correct) VALUES ('opt_16563df81a37', 'q_3a5766b97215', 'D', '获得报酬权', 1);
INSERT OR REPLACE INTO question_explanations (id, question_id, explanation, created_by) VALUES ('exp_3b70276648f5', 'q_3a5766b97215', '职务发明申请权归单位，发明人享有署名权、奖励权、报酬权（发明专利奖金最低4000元）。', 'system');
INSERT OR REPLACE INTO questions (id, year, subject_id, chapter_id, question_type, stem, answer, difficulty, source) VALUES ('q_83dcda72edab', 2026, 'subj_law', 'chap_mock', 'multiple', '专利申请文件的组成包括（）', 'AB', 'medium', '2026 Mock Exam');
INSERT OR REPLACE INTO question_options (id, question_id, option_key, option_text, is_correct) VALUES ('opt_de2a04cb7693', 'q_83dcda72edab', 'A', '发明 / 实用新型：请求书、说明书、权利要求书、摘要', 1);
INSERT OR REPLACE INTO question_options (id, question_id, option_key, option_text, is_correct) VALUES ('opt_b6468f980812', 'q_83dcda72edab', 'B', '外观设计：请求书、图片 / 照片、简要说明', 1);
INSERT OR REPLACE INTO question_options (id, question_id, option_key, option_text, is_correct) VALUES ('opt_710c1a63bf3a', 'q_83dcda72edab', 'C', '发明：请求书、权利要求书、摘要（无需说明书）', 0);
INSERT OR REPLACE INTO question_options (id, question_id, option_key, option_text, is_correct) VALUES ('opt_f0160c6e539a', 'q_83dcda72edab', 'D', '实用新型：仅请求书和权利要求书', 0);
INSERT OR REPLACE INTO question_explanations (id, question_id, explanation, created_by) VALUES ('exp_b742a61fcf31', 'q_83dcda72edab', '发明 / 实用新型需请求书、说明书、权利要求书、摘要；外观设计需请求书、图片 / 照片、简要说明。', 'system');
INSERT OR REPLACE INTO questions (id, year, subject_id, chapter_id, question_type, stem, answer, difficulty, source) VALUES ('q_01da561afc68', 2026, 'subj_law', 'chap_mock', 'multiple', '新颖性判断中，现有技术的公开方式包括（）', 'ABC', 'medium', '2026 Mock Exam');
INSERT OR REPLACE INTO question_options (id, question_id, option_key, option_text, is_correct) VALUES ('opt_c7e6f19080a0', 'q_01da561afc68', 'A', '出版物公开', 1);
INSERT OR REPLACE INTO question_options (id, question_id, option_key, option_text, is_correct) VALUES ('opt_e95d7601c22e', 'q_01da561afc68', 'B', '使用公开', 1);
INSERT OR REPLACE INTO question_options (id, question_id, option_key, option_text, is_correct) VALUES ('opt_e4361914f777', 'q_01da561afc68', 'C', '口头公开（如讲座）', 1);
INSERT OR REPLACE INTO question_options (id, question_id, option_key, option_text, is_correct) VALUES ('opt_9144f91df079', 'q_01da561afc68', 'D', '内部技术交流', 0);
INSERT OR REPLACE INTO question_explanations (id, question_id, explanation, created_by) VALUES ('exp_155d7e2a6cf2', 'q_01da561afc68', '现有技术公开方式包括出版物、使用、口头公开等，内部交流未公开不构成现有技术。', 'system');
INSERT OR REPLACE INTO questions (id, year, subject_id, chapter_id, question_type, stem, answer, difficulty, source) VALUES ('q_e0de57c8f556', 2026, 'subj_law', 'chap_mock', 'multiple', '创造性的判断标准包括（）', 'AB', 'medium', '2026 Mock Exam');
INSERT OR REPLACE INTO question_options (id, question_id, option_key, option_text, is_correct) VALUES ('opt_366aa2b0c74b', 'q_e0de57c8f556', 'A', '发明：突出的实质性特点 + 显著进步', 1);
INSERT OR REPLACE INTO question_options (id, question_id, option_key, option_text, is_correct) VALUES ('opt_7f608fdef46d', 'q_e0de57c8f556', 'B', '实用新型：实质性特点 + 进步', 1);
INSERT OR REPLACE INTO question_options (id, question_id, option_key, option_text, is_correct) VALUES ('opt_f16a0d4e99ef', 'q_e0de57c8f556', 'C', '外观设计：与现有设计有明显区别', 0);
INSERT OR REPLACE INTO question_options (id, question_id, option_key, option_text, is_correct) VALUES ('opt_fb8f74281328', 'q_e0de57c8f556', 'D', '仅考虑技术方案本身，不考虑效果', 0);
INSERT OR REPLACE INTO question_explanations (id, question_id, explanation, created_by) VALUES ('exp_5cc5006d4b18', 'q_e0de57c8f556', 'C 为外观设计授权条件，创造性判断需结合技术效果（如预料不到的效果支持创造性）。', 'system');
INSERT OR REPLACE INTO questions (id, year, subject_id, chapter_id, question_type, stem, answer, difficulty, source) VALUES ('q_14d2dbf423ed', 2026, 'subj_law', 'chap_mock', 'multiple', '下列属于不可授予专利权的主题是（）', 'ABC', 'medium', '2026 Mock Exam');
INSERT OR REPLACE INTO question_options (id, question_id, option_key, option_text, is_correct) VALUES ('opt_84625feac96c', 'q_14d2dbf423ed', 'A', '疾病诊断方法', 1);
INSERT OR REPLACE INTO question_options (id, question_id, option_key, option_text, is_correct) VALUES ('opt_ea7469e17b99', 'q_14d2dbf423ed', 'B', '永动机', 1);
INSERT OR REPLACE INTO question_options (id, question_id, option_key, option_text, is_correct) VALUES ('opt_dd91fc5aa3ec', 'q_14d2dbf423ed', 'C', '纯商业方法', 1);
INSERT OR REPLACE INTO question_options (id, question_id, option_key, option_text, is_correct) VALUES ('opt_fe563df94c4a', 'q_14d2dbf423ed', 'D', '新型医疗器械', 0);
INSERT OR REPLACE INTO question_explanations (id, question_id, explanation, created_by) VALUES ('exp_130d7482161e', 'q_14d2dbf423ed', 'A 为疾病诊断方法、B 无实用性、C 为纯商业方法，均不授权；D 为可授权产品。', 'system');
INSERT OR REPLACE INTO questions (id, year, subject_id, chapter_id, question_type, stem, answer, difficulty, source) VALUES ('q_b7de4b8fc1c0', 2026, 'subj_law', 'chap_mock', 'multiple', '优先权的法律效力包括（）', 'ABD', 'medium', '2026 Mock Exam');
INSERT OR REPLACE INTO question_options (id, question_id, option_key, option_text, is_correct) VALUES ('opt_0a94e25bc605', 'q_b7de4b8fc1c0', 'A', '排除抵触申请', 1);
INSERT OR REPLACE INTO question_options (id, question_id, option_key, option_text, is_correct) VALUES ('opt_8ca499a8a557', 'q_b7de4b8fc1c0', 'B', '视为在优先权日提出申请', 1);
INSERT OR REPLACE INTO question_options (id, question_id, option_key, option_text, is_correct) VALUES ('opt_64f352c2df7d', 'q_b7de4b8fc1c0', 'C', '延长保护期', 0);
INSERT OR REPLACE INTO question_options (id, question_id, option_key, option_text, is_correct) VALUES ('opt_039e727fa228', 'q_b7de4b8fc1c0', 'D', '允许补入在先申请记载的技术内容 (2024 新增)', 1);
INSERT OR REPLACE INTO question_explanations (id, question_id, explanation, created_by) VALUES ('exp_c233a847809b', 'q_b7de4b8fc1c0', '优先权不延长保护期（保护期自申请日起算），A、B、D为其法律效力。', 'system');
INSERT OR REPLACE INTO questions (id, year, subject_id, chapter_id, question_type, stem, answer, difficulty, source) VALUES ('q_807838894e16', 2026, 'subj_law', 'chap_mock', 'multiple', '专利权的内容包括（）', 'ABCD', 'medium', '2026 Mock Exam');
INSERT OR REPLACE INTO question_options (id, question_id, option_key, option_text, is_correct) VALUES ('opt_899af011e522', 'q_807838894e16', 'A', '发明 / 实用新型：制造、使用、许诺销售、销售、进口', 1);
INSERT OR REPLACE INTO question_options (id, question_id, option_key, option_text, is_correct) VALUES ('opt_e47f909f20f8', 'q_807838894e16', 'B', '外观设计：制造、许诺销售、销售、进口', 1);
INSERT OR REPLACE INTO question_options (id, question_id, option_key, option_text, is_correct) VALUES ('opt_c1206aa62d47', 'q_807838894e16', 'C', '禁止他人擅自实施专利', 1);
INSERT OR REPLACE INTO question_options (id, question_id, option_key, option_text, is_correct) VALUES ('opt_77d14e861ad0', 'q_807838894e16', 'D', '专利标记权', 1);
INSERT OR REPLACE INTO question_explanations (id, question_id, explanation, created_by) VALUES ('exp_e4ddc4d031db', 'q_807838894e16', '专利权人享有实施权、禁止权、标记权等，外观设计无“使用”权。', 'system');
INSERT OR REPLACE INTO questions (id, year, subject_id, chapter_id, question_type, stem, answer, difficulty, source) VALUES ('q_866fd2b2e073', 2026, 'subj_law', 'chap_mock', 'multiple', '专利侵权的抗辩事由包括（）', 'ABCD', 'medium', '2026 Mock Exam');
INSERT OR REPLACE INTO question_options (id, question_id, option_key, option_text, is_correct) VALUES ('opt_f121ba22eb6d', 'q_866fd2b2e073', 'A', '现有技术 / 设计抗辩', 1);
INSERT OR REPLACE INTO question_options (id, question_id, option_key, option_text, is_correct) VALUES ('opt_e874c6976499', 'q_866fd2b2e073', 'B', '先用权', 1);
INSERT OR REPLACE INTO question_options (id, question_id, option_key, option_text, is_correct) VALUES ('opt_555cb934945a', 'q_866fd2b2e073', 'C', '权利用尽', 1);
INSERT OR REPLACE INTO question_options (id, question_id, option_key, option_text, is_correct) VALUES ('opt_3c7819c6241f', 'q_866fd2b2e073', 'D', '临时过境', 1);
INSERT OR REPLACE INTO question_explanations (id, question_id, explanation, created_by) VALUES ('exp_61e75b37e74c', 'q_866fd2b2e073', '四大核心抗辩事由，均为法定不侵权情形。', 'system');
INSERT OR REPLACE INTO questions (id, year, subject_id, chapter_id, question_type, stem, answer, difficulty, source) VALUES ('q_349de5c6317e', 2026, 'subj_law', 'chap_mock', 'multiple', '专利侵权赔偿的计算依据包括（）', 'ABCD', 'medium', '2026 Mock Exam');
INSERT OR REPLACE INTO question_options (id, question_id, option_key, option_text, is_correct) VALUES ('opt_7cbcfd350ff0', 'q_349de5c6317e', 'A', '权利人实际损失', 1);
INSERT OR REPLACE INTO question_options (id, question_id, option_key, option_text, is_correct) VALUES ('opt_1c28b08155b8', 'q_349de5c6317e', 'B', '侵权人获利', 1);
INSERT OR REPLACE INTO question_options (id, question_id, option_key, option_text, is_correct) VALUES ('opt_16625833e4ed', 'q_349de5c6317e', 'C', '专利许可使用费倍数', 1);
INSERT OR REPLACE INTO question_options (id, question_id, option_key, option_text, is_correct) VALUES ('opt_937e1b518fdd', 'q_349de5c6317e', 'D', '法定赔偿', 1);
INSERT OR REPLACE INTO question_explanations (id, question_id, explanation, created_by) VALUES ('exp_4f6945174ed3', 'q_349de5c6317e', '赔偿计算按“实际损失→侵权获利→许可费倍数→法定赔偿”顺序。', 'system');
INSERT OR REPLACE INTO questions (id, year, subject_id, chapter_id, question_type, stem, answer, difficulty, source) VALUES ('q_452e68c630e6', 2026, 'subj_law', 'chap_mock', 'multiple', '专利纠纷的处理途径包括（）', 'ABCD', 'medium', '2026 Mock Exam');
INSERT OR REPLACE INTO question_options (id, question_id, option_key, option_text, is_correct) VALUES ('opt_5795e975d6f1', 'q_452e68c630e6', 'A', '协商', 1);
INSERT OR REPLACE INTO question_options (id, question_id, option_key, option_text, is_correct) VALUES ('opt_e6b7b3027955', 'q_452e68c630e6', 'B', '行政处理', 1);
INSERT OR REPLACE INTO question_options (id, question_id, option_key, option_text, is_correct) VALUES ('opt_f4e98bdca084', 'q_452e68c630e6', 'C', '诉讼', 1);
INSERT OR REPLACE INTO question_options (id, question_id, option_key, option_text, is_correct) VALUES ('opt_35c81e918905', 'q_452e68c630e6', 'D', '仲裁（有书面协议）', 1);
INSERT OR REPLACE INTO question_explanations (id, question_id, explanation, created_by) VALUES ('exp_495a81b1ed1d', 'q_452e68c630e6', '纠纷可通过协商、行政调解 / 处理、诉讼解决，有仲裁协议的可申请仲裁。', 'system');
INSERT OR REPLACE INTO questions (id, year, subject_id, chapter_id, question_type, stem, answer, difficulty, source) VALUES ('q_fd33f23fca20', 2026, 'subj_law', 'chap_mock', 'multiple', '专利代理机构的设立类型包括（）', 'ABD', 'medium', '2026 Mock Exam');
INSERT OR REPLACE INTO question_options (id, question_id, option_key, option_text, is_correct) VALUES ('opt_42f2c6b0eeba', 'q_fd33f23fca20', 'A', '普通合伙企业', 1);
INSERT OR REPLACE INTO question_options (id, question_id, option_key, option_text, is_correct) VALUES ('opt_3a90c8927c40', 'q_fd33f23fca20', 'B', '有限责任公司', 1);
INSERT OR REPLACE INTO question_options (id, question_id, option_key, option_text, is_correct) VALUES ('opt_1b9e113aa4f2', 'q_fd33f23fca20', 'C', '个人独资企业', 0);
INSERT OR REPLACE INTO question_options (id, question_id, option_key, option_text, is_correct) VALUES ('opt_4581f3778b18', 'q_fd33f23fca20', 'D', '分支机构', 1);
INSERT OR REPLACE INTO question_explanations (id, question_id, explanation, created_by) VALUES ('exp_fef01090e168', 'q_fd33f23fca20', '代理机构类型为普通合伙、有限责任公司、分支机构，无个人独资企业类型。', 'system');
INSERT OR REPLACE INTO questions (id, year, subject_id, chapter_id, question_type, stem, answer, difficulty, source) VALUES ('q_54c3d478fb52', 2026, 'subj_law', 'chap_mock', 'multiple', '专利代理师的禁止行为包括（）', 'ABCD', 'medium', '2026 Mock Exam');
INSERT OR REPLACE INTO question_options (id, question_id, option_key, option_text, is_correct) VALUES ('opt_38689fbd6ed2', 'q_54c3d478fb52', 'A', '以自己名义申请专利', 1);
INSERT OR REPLACE INTO question_options (id, question_id, option_key, option_text, is_correct) VALUES ('opt_08388123fd85', 'q_54c3d478fb52', 'B', '同时在 2 家机构执业', 1);
INSERT OR REPLACE INTO question_options (id, question_id, option_key, option_text, is_correct) VALUES ('opt_20e74ad95ab2', 'q_54c3d478fb52', 'C', '泄露委托人未公开的发明创造', 1);
INSERT OR REPLACE INTO question_options (id, question_id, option_key, option_text, is_correct) VALUES ('opt_b45ee6cd2b90', 'q_54c3d478fb52', 'D', '接受有利益冲突的委托', 1);
INSERT OR REPLACE INTO question_explanations (id, question_id, explanation, created_by) VALUES ('exp_f4035d526917', 'q_54c3d478fb52', '均为代理师法定禁止行为，违反将面临行政处罚。', 'system');
INSERT OR REPLACE INTO questions (id, year, subject_id, chapter_id, question_type, stem, answer, difficulty, source) VALUES ('q_d0f5982b9a63', 2026, 'subj_law', 'chap_mock', 'multiple', '复审程序的特点包括（）', 'ABC', 'medium', '2026 Mock Exam');
INSERT OR REPLACE INTO question_options (id, question_id, option_key, option_text, is_correct) VALUES ('opt_95d3859b5a35', 'q_d0f5982b9a63', 'A', '针对驳回决定提出', 1);
INSERT OR REPLACE INTO question_options (id, question_id, option_key, option_text, is_correct) VALUES ('opt_c5b803550cd1', 'q_d0f5982b9a63', 'B', '申请人为原专利申请人', 1);
INSERT OR REPLACE INTO question_options (id, question_id, option_key, option_text, is_correct) VALUES ('opt_a034bf89e8e4', 'q_d0f5982b9a63', 'C', '可修改专利申请文件', 1);
INSERT OR REPLACE INTO question_options (id, question_id, option_key, option_text, is_correct) VALUES ('opt_be86991b19a4', 'q_d0f5982b9a63', 'D', '复审决定为终局决定', 0);
INSERT OR REPLACE INTO question_explanations (id, question_id, explanation, created_by) VALUES ('exp_d3911e9b3122', 'q_d0f5982b9a63', '复审决定可向法院起诉，非终局；A、B、C 为复审程序核心特点。', 'system');
INSERT OR REPLACE INTO questions (id, year, subject_id, chapter_id, question_type, stem, answer, difficulty, source) VALUES ('q_7dcfa29f1285', 2026, 'subj_law', 'chap_mock', 'multiple', '无效宣告的理由包括（）', 'ABCD', 'medium', '2026 Mock Exam');
INSERT OR REPLACE INTO question_options (id, question_id, option_key, option_text, is_correct) VALUES ('opt_b43a4abb1cc2', 'q_7dcfa29f1285', 'A', '不具备新颖性、创造性、实用性', 1);
INSERT OR REPLACE INTO question_options (id, question_id, option_key, option_text, is_correct) VALUES ('opt_b1a67886117d', 'q_7dcfa29f1285', 'B', '保护客体错误', 1);
INSERT OR REPLACE INTO question_options (id, question_id, option_key, option_text, is_correct) VALUES ('opt_37422146517c', 'q_7dcfa29f1285', 'C', '权利要求不清楚、不支持', 1);
INSERT OR REPLACE INTO question_options (id, question_id, option_key, option_text, is_correct) VALUES ('opt_075b0828e581', 'q_7dcfa29f1285', 'D', '专利申请文件修改超范围', 1);
INSERT OR REPLACE INTO question_explanations (id, question_id, explanation, created_by) VALUES ('exp_5a8efe63e1bc', 'q_7dcfa29f1285', '无效宣告核心理由均为授权条件缺陷，包括上述四类。', 'system');
INSERT OR REPLACE INTO questions (id, year, subject_id, chapter_id, question_type, stem, answer, difficulty, source) VALUES ('q_af429b891467', 2026, 'subj_law', 'chap_mock', 'multiple', '无效宣告程序的证据规则包括（）', 'ABC', 'medium', '2026 Mock Exam');
INSERT OR REPLACE INTO question_options (id, question_id, option_key, option_text, is_correct) VALUES ('opt_5d4715f5eda9', 'q_af429b891467', 'A', '请求时提交证据', 1);
INSERT OR REPLACE INTO question_options (id, question_id, option_key, option_text, is_correct) VALUES ('opt_71710d6b3a0c', 'q_af429b891467', 'B', '1 个月内可补充证据', 1);
INSERT OR REPLACE INTO question_options (id, question_id, option_key, option_text, is_correct) VALUES ('opt_dcab513ba4de', 'q_af429b891467', 'C', '外文证据需提交中文译文', 1);
INSERT OR REPLACE INTO question_options (id, question_id, option_key, option_text, is_correct) VALUES ('opt_96c7fdcc1c94', 'q_af429b891467', 'D', '复印件不可作为证据', 0);
INSERT OR REPLACE INTO question_explanations (id, question_id, explanation, created_by) VALUES ('exp_82da285806f4', 'q_af429b891467', '复印件经公证可作为证据，A、B、C 为证据核心规则。', 'system');
INSERT OR REPLACE INTO questions (id, year, subject_id, chapter_id, question_type, stem, answer, difficulty, source) VALUES ('q_b9f7e27d7ca5', 2026, 'subj_law', 'chap_mock', 'multiple', '下列关于单一性原则的说法正确的是（）', 'ABC', 'medium', '2026 Mock Exam');
INSERT OR REPLACE INTO question_options (id, question_id, option_key, option_text, is_correct) VALUES ('opt_fe3e4460e521', 'q_b9f7e27d7ca5', 'A', '一件申请限于一项发明 / 实用新型', 1);
INSERT OR REPLACE INTO question_options (id, question_id, option_key, option_text, is_correct) VALUES ('opt_fc7ccd643f4e', 'q_b9f7e27d7ca5', 'B', '属于一个总的发明构思的可合案申请', 1);
INSERT OR REPLACE INTO question_options (id, question_id, option_key, option_text, is_correct) VALUES ('opt_e85b04cc7f1b', 'q_b9f7e27d7ca5', 'C', '合案申请需含相同 / 相应特定技术特征', 1);
INSERT OR REPLACE INTO question_options (id, question_id, option_key, option_text, is_correct) VALUES ('opt_b8e1d84114af', 'q_b9f7e27d7ca5', 'D', '外观设计无单一性要求', 0);
INSERT OR REPLACE INTO question_explanations (id, question_id, explanation, created_by) VALUES ('exp_328594b62923', 'q_b9f7e27d7ca5', '外观设计也需满足单一性（同一产品相似外观或成套产品），D 错误。', 'system');
INSERT OR REPLACE INTO questions (id, year, subject_id, chapter_id, question_type, stem, answer, difficulty, source) VALUES ('q_1983c184ce53', 2026, 'subj_law', 'chap_mock', 'multiple', '专利权的限制包括（）', 'ABCD', 'medium', '2026 Mock Exam');
INSERT OR REPLACE INTO question_options (id, question_id, option_key, option_text, is_correct) VALUES ('opt_1e0131fdf9eb', 'q_1983c184ce53', 'A', '临时过境', 1);
INSERT OR REPLACE INTO question_options (id, question_id, option_key, option_text, is_correct) VALUES ('opt_4c41f2ce23e3', 'q_1983c184ce53', 'B', '科研使用', 1);
INSERT OR REPLACE INTO question_options (id, question_id, option_key, option_text, is_correct) VALUES ('opt_59e2097c89e6', 'q_1983c184ce53', 'C', '行政审批需要', 1);
INSERT OR REPLACE INTO question_options (id, question_id, option_key, option_text, is_correct) VALUES ('opt_6eec0e748dff', 'q_1983c184ce53', 'D', '强制许可', 1);
INSERT OR REPLACE INTO question_explanations (id, question_id, explanation, created_by) VALUES ('exp_94c7da8c1f18', 'q_1983c184ce53', '均为专利权的法定限制情形，不视为侵权。', 'system');
INSERT OR REPLACE INTO questions (id, year, subject_id, chapter_id, question_type, stem, answer, difficulty, source) VALUES ('q_2a6607f931ae', 2026, 'subj_law', 'chap_mock', 'multiple', '外观设计的授权条件包括（）', 'ABCD', 'medium', '2026 Mock Exam');
INSERT OR REPLACE INTO question_options (id, question_id, option_key, option_text, is_correct) VALUES ('opt_6c4b3b4de91b', 'q_2a6607f931ae', 'A', '不属于现有设计', 1);
INSERT OR REPLACE INTO question_options (id, question_id, option_key, option_text, is_correct) VALUES ('opt_d6f77b7ca2d0', 'q_2a6607f931ae', 'B', '与现有设计有明显区别', 1);
INSERT OR REPLACE INTO question_options (id, question_id, option_key, option_text, is_correct) VALUES ('opt_f1ec9f898901', 'q_2a6607f931ae', 'C', '不与在先权利冲突', 1);
INSERT OR REPLACE INTO question_options (id, question_id, option_key, option_text, is_correct) VALUES ('opt_3365414ba998', 'q_2a6607f931ae', 'D', '适于工业应用', 1);
INSERT OR REPLACE INTO question_explanations (id, question_id, explanation, created_by) VALUES ('exp_1d96019277f9', 'q_2a6607f931ae', '外观设计授权需满足新颖性、区别性、无在先权利冲突、工业实用性。', 'system');
INSERT OR REPLACE INTO questions (id, year, subject_id, chapter_id, question_type, stem, answer, difficulty, source) VALUES ('q_0afec71b0761', 2026, 'subj_law', 'chap_mock', 'multiple', '下列关于申请日的说法正确的是（）', 'ACD', 'medium', '2026 Mock Exam');
INSERT OR REPLACE INTO question_options (id, question_id, option_key, option_text, is_correct) VALUES ('opt_aa8052603719', 'q_0afec71b0761', 'A', '电子提交：文件进入国知局电子系统的日期', 1);
INSERT OR REPLACE INTO question_options (id, question_id, option_key, option_text, is_correct) VALUES ('opt_071736b05aa3', 'q_0afec71b0761', 'B', '邮寄提交：邮戳日为申请日', 0);
INSERT OR REPLACE INTO question_options (id, question_id, option_key, option_text, is_correct) VALUES ('opt_a49ecfb4912d', 'q_0afec71b0761', 'C', '补交附图（实用新型）：补交日为申请日', 1);
INSERT OR REPLACE INTO question_options (id, question_id, option_key, option_text, is_correct) VALUES ('opt_eb14cf95c66e', 'q_0afec71b0761', 'D', '分案申请：与原申请日相同', 1);
INSERT OR REPLACE INTO question_explanations (id, question_id, explanation, created_by) VALUES ('exp_2875ff411170', 'q_0afec71b0761', '邮寄提交以专利局收到日为申请日，B 错误；A、C、D 正确。', 'system');
INSERT OR REPLACE INTO questions (id, year, subject_id, chapter_id, question_type, stem, answer, difficulty, source) VALUES ('q_2a9c361144d4', 2026, 'subj_law', 'chap_mock', 'multiple', '下列属于非正常申请专利的情形是（）', '#  ABC', 'medium', '2026 Mock Exam');
INSERT OR REPLACE INTO question_options (id, question_id, option_key, option_text, is_correct) VALUES ('opt_2bbcb665a0ab', 'q_2a9c361144d4', 'A', '重复申请', 1);
INSERT OR REPLACE INTO question_options (id, question_id, option_key, option_text, is_correct) VALUES ('opt_5b2d7fc82d07', 'q_2a9c361144d4', 'B', '虚构技术方案', 1);
INSERT OR REPLACE INTO question_options (id, question_id, option_key, option_text, is_correct) VALUES ('opt_ad1600c22651', 'q_2a9c361144d4', 'C', '为侵占公共资源申请', 1);
INSERT OR REPLACE INTO question_options (id, question_id, option_key, option_text, is_correct) VALUES ('opt_42c5914a8bd9', 'q_2a9c361144d4', 'D', '真实研发后的正常申请', 0);
INSERT OR REPLACE INTO question_explanations (id, question_id, explanation, created_by) VALUES ('exp_de404474d12b', 'q_2a9c361144d4', '非正常申请违反诚信原则，D 为正常申请，不构成非正常。', 'system');
INSERT OR REPLACE INTO questions (id, year, subject_id, chapter_id, question_type, stem, answer, difficulty, source) VALUES ('q_ff425cd68a3e', 2026, 'subj_law', 'chap_mock', 'multiple', '专利代理机构的法律责任包括（）', '#  ABCD', 'medium', '2026 Mock Exam');
INSERT OR REPLACE INTO question_options (id, question_id, option_key, option_text, is_correct) VALUES ('opt_d12f4a00aaad', 'q_ff425cd68a3e', 'A', '警告', 1);
INSERT OR REPLACE INTO question_options (id, question_id, option_key, option_text, is_correct) VALUES ('opt_6ba55e9079bc', 'q_ff425cd68a3e', 'B', '10 万元以下罚款', 1);
INSERT OR REPLACE INTO question_options (id, question_id, option_key, option_text, is_correct) VALUES ('opt_d83e2e43c756', 'q_ff425cd68a3e', 'C', '停止承接新业务', 1);
INSERT OR REPLACE INTO question_options (id, question_id, option_key, option_text, is_correct) VALUES ('opt_29b7a01f5353', 'q_ff425cd68a3e', 'D', '吊销执业许可证', 1);
INSERT OR REPLACE INTO question_explanations (id, question_id, explanation, created_by) VALUES ('exp_2ab80bfdd3c3', 'q_ff425cd68a3e', '代理机构违法（如非正常申请、泄露秘密）的行政处罚包括上述四类。', 'system');
INSERT OR REPLACE INTO questions (id, year, subject_id, chapter_id, question_type, stem, answer, difficulty, source) VALUES ('q_375b6000edf6', 2026, 'subj_law', 'chap_mock', 'multiple', '专利代理师的法律责任包括（）', '#  ABCD', 'medium', '2026 Mock Exam');
INSERT OR REPLACE INTO question_options (id, question_id, option_key, option_text, is_correct) VALUES ('opt_8f6d32992be4', 'q_375b6000edf6', 'A', '警告', 1);
INSERT OR REPLACE INTO question_options (id, question_id, option_key, option_text, is_correct) VALUES ('opt_30ccab02bc85', 'q_375b6000edf6', 'B', '5 万元以下罚款', 1);
INSERT OR REPLACE INTO question_options (id, question_id, option_key, option_text, is_correct) VALUES ('opt_1794d0253838', 'q_375b6000edf6', 'C', '停止执业 6-12 个月', 1);
INSERT OR REPLACE INTO question_options (id, question_id, option_key, option_text, is_correct) VALUES ('opt_d3489f024b21', 'q_375b6000edf6', 'D', '吊销资格证', 1);
INSERT OR REPLACE INTO question_explanations (id, question_id, explanation, created_by) VALUES ('exp_a31d0cbbea8a', 'q_375b6000edf6', '代理师违法（如同时在 2 家机构执业、自行接案）的行政处罚包括上述四类。', 'system');
INSERT OR REPLACE INTO questions (id, year, subject_id, chapter_id, question_type, stem, answer, difficulty, source) VALUES ('q_0f3e02c47ff5', 2026, 'subj_law', 'chap_mock', 'multiple', '下列关于强制许可的说法正确的是（）', '#  ABC', 'medium', '2026 Mock Exam');
INSERT OR REPLACE INTO question_options (id, question_id, option_key, option_text, is_correct) VALUES ('opt_3d617c7c841d', 'q_0f3e02c47ff5', 'A', '可适用于发明和实用新型', 1);
INSERT OR REPLACE INTO question_options (id, question_id, option_key, option_text, is_correct) VALUES ('opt_996c49d41fc6', 'q_0f3e02c47ff5', 'B', '被许可人不得再许可他人实施', 1);
INSERT OR REPLACE INTO question_options (id, question_id, option_key, option_text, is_correct) VALUES ('opt_67cb712a1f90', 'q_0f3e02c47ff5', 'C', '理由消除后可终止', 1);
INSERT OR REPLACE INTO question_options (id, question_id, option_key, option_text, is_correct) VALUES ('opt_b5ddee1818b8', 'q_0f3e02c47ff5', 'D', '仅适用于发明专利', 0);
INSERT OR REPLACE INTO question_explanations (id, question_id, explanation, created_by) VALUES ('exp_3feecdcb7c57', 'q_0f3e02c47ff5', '强制许可适用于发明和实用新型，D 错误；A、B、C 为强制许可核心规则。', 'system');
INSERT OR REPLACE INTO questions (id, year, subject_id, chapter_id, question_type, stem, answer, difficulty, source) VALUES ('q_e5d03e462a98', 2026, 'subj_law', 'chap_mock', 'multiple', '专利侵权诉讼的管辖法院包括（）', '#  ABCD', 'medium', '2026 Mock Exam');
INSERT OR REPLACE INTO question_options (id, question_id, option_key, option_text, is_correct) VALUES ('opt_714644cdebe9', 'q_e5d03e462a98', 'A', '发明 / 实用新型侵权：知识产权法院、省级政府所在地中院', 1);
INSERT OR REPLACE INTO question_options (id, question_id, option_key, option_text, is_correct) VALUES ('opt_e1d8b0761c35', 'q_e5d03e462a98', 'B', '外观设计侵权：经批准的基层法院', 1);
INSERT OR REPLACE INTO question_options (id, question_id, option_key, option_text, is_correct) VALUES ('opt_09564be41508', 'q_e5d03e462a98', 'C', '被告住所地法院', 1);
INSERT OR REPLACE INTO question_options (id, question_id, option_key, option_text, is_correct) VALUES ('opt_d71de1da84ad', 'q_e5d03e462a98', 'D', '侵权行为地法院', 1);
INSERT OR REPLACE INTO question_explanations (id, question_id, explanation, created_by) VALUES ('exp_849e0afae7ef', 'q_e5d03e462a98', '专利侵权诉讼由侵权行为地或被告住所地法院管辖，级别管辖按专利类型划分。', 'system');
INSERT OR REPLACE INTO questions (id, year, subject_id, chapter_id, question_type, stem, answer, difficulty, source) VALUES ('q_cdfd6f2a5b7b', 2026, 'subj_law', 'chap_mock', 'multiple', '下列关于合作发明的说法正确的是（）', '#  ABC', 'medium', '2026 Mock Exam');
INSERT OR REPLACE INTO question_options (id, question_id, option_key, option_text, is_correct) VALUES ('opt_c84275fd1466', 'q_cdfd6f2a5b7b', 'A', '无约定时申请权归共有人共同享有', 1);
INSERT OR REPLACE INTO question_options (id, question_id, option_key, option_text, is_correct) VALUES ('opt_ab1c3305a8d6', 'q_cdfd6f2a5b7b', 'B', '转让申请权需全体共有人同意', 1);
INSERT OR REPLACE INTO question_options (id, question_id, option_key, option_text, is_correct) VALUES ('opt_b5a9b776b196', 'q_cdfd6f2a5b7b', 'C', '普通许可可单独实施，使用费需分配', 1);
INSERT OR REPLACE INTO question_options (id, question_id, option_key, option_text, is_correct) VALUES ('opt_7ce7d1dd9944', 'q_cdfd6f2a5b7b', 'D', '共有人可单独放弃自己的份额', 0);
INSERT OR REPLACE INTO question_explanations (id, question_id, explanation, created_by) VALUES ('exp_3ce1de81eafb', 'q_cdfd6f2a5b7b', '共有人不可单独放弃申请权（需全体同意），D 错误；A、B、C 正确。', 'system');
INSERT OR REPLACE INTO questions (id, year, subject_id, chapter_id, question_type, stem, answer, difficulty, source) VALUES ('q_23877e567281', 2026, 'subj_law', 'chap_mock', 'multiple', '下列关于委托发明的说法正确的是（）', 'ACD', 'medium', '2026 Mock Exam');
INSERT OR REPLACE INTO question_options (id, question_id, option_key, option_text, is_correct) VALUES ('opt_2cb11f278513', 'q_23877e567281', 'A', '无约定时申请权归受托方', 1);
INSERT OR REPLACE INTO question_options (id, question_id, option_key, option_text, is_correct) VALUES ('opt_b0aec41a2f90', 'q_23877e567281', 'B', '委托方享有免费实施权', 0);
INSERT OR REPLACE INTO question_options (id, question_id, option_key, option_text, is_correct) VALUES ('opt_a9e73915b6d0', 'q_23877e567281', 'C', '受托方不得擅自转让申请权', 1);
INSERT OR REPLACE INTO question_options (id, question_id, option_key, option_text, is_correct) VALUES ('opt_02479739d63c', 'q_23877e567281', 'D', '委托方有权了解研发进展', 1);
INSERT OR REPLACE INTO question_explanations (id, question_id, explanation, created_by) VALUES ('exp_bc165cd30460', 'q_23877e567281', '无约定时委托方无免费实施权（需另行约定），B 错误；A、C、D 正确。', 'system');
INSERT OR REPLACE INTO questions (id, year, subject_id, chapter_id, question_type, stem, answer, difficulty, source) VALUES ('q_86c72a53b4d5', 2026, 'subj_law', 'chap_mock', 'multiple', '下列属于专利申请文件修改的合法情形是（）', 'AC', 'medium', '2026 Mock Exam');
INSERT OR REPLACE INTO question_options (id, question_id, option_key, option_text, is_correct) VALUES ('opt_eb21ee29ad27', 'q_86c72a53b4d5', 'A', '删除从属权利要求', 1);
INSERT OR REPLACE INTO question_options (id, question_id, option_key, option_text, is_correct) VALUES ('opt_fc808d2c16fb', 'q_86c72a53b4d5', 'B', '补充原说明书未记载的技术特征', 0);
INSERT OR REPLACE INTO question_options (id, question_id, option_key, option_text, is_correct) VALUES ('opt_70d4a2e65f21', 'q_86c72a53b4d5', 'C', '消除权利要求不清楚的缺陷', 1);
INSERT OR REPLACE INTO question_options (id, question_id, option_key, option_text, is_correct) VALUES ('opt_e467e7e70ab7', 'q_86c72a53b4d5', 'D', '扩大权利要求保护范围', 0);
INSERT OR REPLACE INTO question_explanations (id, question_id, explanation, created_by) VALUES ('exp_ddaec617cd40', 'q_86c72a53b4d5', '修改不得超原范围、不得扩大保护范围，B、D 错误；A、C 为合法修改。', 'system');
INSERT OR REPLACE INTO questions (id, year, subject_id, chapter_id, question_type, stem, answer, difficulty, source) VALUES ('q_2705184a4fd0', 2026, 'subj_law', 'chap_mock', 'multiple', '下列关于专利权终止的说法正确的是（）', 'ABC', 'medium', '2026 Mock Exam');
INSERT OR REPLACE INTO question_options (id, question_id, option_key, option_text, is_correct) VALUES ('opt_fb2368649160', 'q_2705184a4fd0', 'A', '保护期届满自动终止', 1);
INSERT OR REPLACE INTO question_options (id, question_id, option_key, option_text, is_correct) VALUES ('opt_c1a1e4edcfeb', 'q_2705184a4fd0', 'B', '未缴年费终止', 1);
INSERT OR REPLACE INTO question_options (id, question_id, option_key, option_text, is_correct) VALUES ('opt_60027fa455b7', 'q_2705184a4fd0', 'C', '书面放弃终止', 1);
INSERT OR REPLACE INTO question_options (id, question_id, option_key, option_text, is_correct) VALUES ('opt_456a06595f8c', 'q_2705184a4fd0', 'D', '被宣告无效导致终止', 0);
INSERT OR REPLACE INTO question_explanations (id, question_id, explanation, created_by) VALUES ('exp_72d68121a940', 'q_2705184a4fd0', '无效宣告为自始无效，不属于终止，D 错误；A、B、C 为终止的法定原因。', 'system');
INSERT OR REPLACE INTO questions (id, year, subject_id, chapter_id, question_type, stem, answer, difficulty, source) VALUES ('q_e63bac3adf17', 2026, 'subj_law', 'chap_mock', 'multiple', '下列关于现有技术抗辩的说法正确的是（）', 'ABC', 'medium', '2026 Mock Exam');
INSERT OR REPLACE INTO question_options (id, question_id, option_key, option_text, is_correct) VALUES ('opt_494940bbcf4b', 'q_e63bac3adf17', 'A', '适用于发明和实用新型', 1);
INSERT OR REPLACE INTO question_options (id, question_id, option_key, option_text, is_correct) VALUES ('opt_2008d9556f8c', 'q_e63bac3adf17', 'B', '适用于外观设计', 1);
INSERT OR REPLACE INTO question_options (id, question_id, option_key, option_text, is_correct) VALUES ('opt_8b289b623909', 'q_e63bac3adf17', 'C', '被诉技术与现有技术相同则不侵权', 1);
INSERT OR REPLACE INTO question_options (id, question_id, option_key, option_text, is_correct) VALUES ('opt_b45d016942f1', 'q_e63bac3adf17', 'D', '被诉技术与现有技术等同也可抗辩', 0);
INSERT OR REPLACE INTO question_explanations (id, question_id, explanation, created_by) VALUES ('exp_a4c56ac4b72d', 'q_e63bac3adf17', '现有技术抗辩适用于所有专利类型，等同技术不可抗辩（仅相同技术），D 错误。', 'system');
INSERT OR REPLACE INTO questions (id, year, subject_id, chapter_id, question_type, stem, answer, difficulty, source) VALUES ('q_059cf20ee92d', 2026, 'subj_law', 'chap_mock', 'multiple', '下列关于先用权的说法正确的是（）', 'AB', 'medium', '2026 Mock Exam');
INSERT OR REPLACE INTO question_options (id, question_id, option_key, option_text, is_correct) VALUES ('opt_b9f5679b1d2c', 'q_059cf20ee92d', 'A', '申请日前已制造相同产品', 1);
INSERT OR REPLACE INTO question_options (id, question_id, option_key, option_text, is_correct) VALUES ('opt_bdfa3b5230bd', 'q_059cf20ee92d', 'B', '申请日前已准备制造的必要条件', 1);
INSERT OR REPLACE INTO question_options (id, question_id, option_key, option_text, is_correct) VALUES ('opt_01dbc484f496', 'q_059cf20ee92d', 'C', '可扩大生产规模', 0);
INSERT OR REPLACE INTO question_options (id, question_id, option_key, option_text, is_correct) VALUES ('opt_97aecfaa32b6', 'q_059cf20ee92d', 'D', '可转让给他人使用', 0);
INSERT OR REPLACE INTO question_explanations (id, question_id, explanation, created_by) VALUES ('exp_34d11a9ea975', 'q_059cf20ee92d', '先用权仅能在原有范围继续实施，不可扩大规模、不可转让，C、D 错误。', 'system');
INSERT OR REPLACE INTO questions (id, year, subject_id, chapter_id, question_type, stem, answer, difficulty, source) VALUES ('q_04deeb198d5a', 2026, 'subj_law', 'chap_mock', 'multiple', '下列关于权利用尽的说法正确的是（）', 'ABCD', 'medium', '2026 Mock Exam');
INSERT OR REPLACE INTO question_options (id, question_id, option_key, option_text, is_correct) VALUES ('opt_5f6d99fa76b6', 'q_04deeb198d5a', 'A', '合法获得专利产品后销售不侵权', 1);
INSERT OR REPLACE INTO question_options (id, question_id, option_key, option_text, is_correct) VALUES ('opt_011b8564e8c2', 'q_04deeb198d5a', 'B', '合法获得专利产品后使用不侵权', 1);
INSERT OR REPLACE INTO question_options (id, question_id, option_key, option_text, is_correct) VALUES ('opt_ae2a18dc4e5a', 'q_04deeb198d5a', 'C', '专利产品出口后再进口不侵权', 1);
INSERT OR REPLACE INTO question_options (id, question_id, option_key, option_text, is_correct) VALUES ('opt_aacb26e8b2c8', 'q_04deeb198d5a', 'D', '擅自制造专利产品后销售不适用权利用尽', 1);
INSERT OR REPLACE INTO question_explanations (id, question_id, explanation, created_by) VALUES ('exp_9b4fe60bab07', 'q_04deeb198d5a', '权利用尽适用于合法获得的专利产品，擅自制造的产品不适用，A、B、C、D均正确。', 'system');
INSERT OR REPLACE INTO questions (id, year, subject_id, chapter_id, question_type, stem, answer, difficulty, source) VALUES ('q_324003d81a36', 2026, 'subj_law', 'chap_mock', 'multiple', '下列关于临时过境的说法正确的是（）', 'ABC', 'medium', '2026 Mock Exam');
INSERT OR REPLACE INTO question_options (id, question_id, option_key, option_text, is_correct) VALUES ('opt_7244f59d4da9', 'q_324003d81a36', 'A', '仅适用于外国运输工具', 1);
INSERT OR REPLACE INTO question_options (id, question_id, option_key, option_text, is_correct) VALUES ('opt_9fac1c8792bb', 'q_324003d81a36', 'B', '临时通过中国领土、领水、领空', 1);
INSERT OR REPLACE INTO question_options (id, question_id, option_key, option_text, is_correct) VALUES ('opt_085cb1d588e6', 'q_324003d81a36', 'C', '为自身需要使用专利', 1);
INSERT OR REPLACE INTO question_options (id, question_id, option_key, option_text, is_correct) VALUES ('opt_44ea098c761e', 'q_324003d81a36', 'D', '可用于商业运输', 0);
INSERT OR REPLACE INTO question_explanations (id, question_id, explanation, created_by) VALUES ('exp_dadd35a3192f', 'q_324003d81a36', '临时过境不适用于商业运输，D 错误；A、B、C 为临时过境的适用条件。', 'system');
INSERT OR REPLACE INTO questions (id, year, subject_id, chapter_id, question_type, stem, answer, difficulty, source) VALUES ('q_145829039540', 2026, 'subj_law', 'chap_mock', 'multiple', '下列可请求专利权评价报告的是（）', 'BC', 'medium', '2026 Mock Exam');
INSERT OR REPLACE INTO question_options (id, question_id, option_key, option_text, is_correct) VALUES ('opt_1531c1ffb24e', 'q_145829039540', 'A', '发明专利', 0);
INSERT OR REPLACE INTO question_options (id, question_id, option_key, option_text, is_correct) VALUES ('opt_0f3c9fa10d0f', 'q_145829039540', 'B', '实用新型专利', 1);
INSERT OR REPLACE INTO question_options (id, question_id, option_key, option_text, is_correct) VALUES ('opt_e3ec474dfef2', 'q_145829039540', 'C', '外观设计专利', 1);
INSERT OR REPLACE INTO question_options (id, question_id, option_key, option_text, is_correct) VALUES ('opt_294852dd0b50', 'q_145829039540', 'D', '专利申请', 0);
INSERT OR REPLACE INTO question_explanations (id, question_id, explanation, created_by) VALUES ('exp_ee8a90784eb1', 'q_145829039540', '专利权评价报告仅针对实用新型和外观设计，发明专利无需评价报告。', 'system');
INSERT OR REPLACE INTO questions (id, year, subject_id, chapter_id, question_type, stem, answer, difficulty, source) VALUES ('q_b5cd7d25bb88', 2026, 'subj_law', 'chap_mock', 'multiple', '下列关于专利推广应用的说法正确的是（）', 'ABC', 'medium', '2026 Mock Exam');
INSERT OR REPLACE INTO question_options (id, question_id, option_key, option_text, is_correct) VALUES ('opt_d59fdcb643cf', 'q_b5cd7d25bb88', 'A', '适用于国有企业事业单位的发明专利', 1);
INSERT OR REPLACE INTO question_options (id, question_id, option_key, option_text, is_correct) VALUES ('opt_3b75070a4471', 'q_b5cd7d25bb88', 'B', '需国务院有关主管部门批准', 1);
INSERT OR REPLACE INTO question_options (id, question_id, option_key, option_text, is_correct) VALUES ('opt_058bd1b7473d', 'q_b5cd7d25bb88', 'C', '推广应用单位需支付使用费', 1);
INSERT OR REPLACE INTO question_options (id, question_id, option_key, option_text, is_correct) VALUES ('opt_7eb549b8e0b6', 'q_b5cd7d25bb88', 'D', '适用于所有专利', 0);
INSERT OR REPLACE INTO question_explanations (id, question_id, explanation, created_by) VALUES ('exp_b7747f4adcf1', 'q_b5cd7d25bb88', '推广应用仅适用于国企事业单位的发明专利，D 错误；A、B、C 正确。', 'system');
INSERT OR REPLACE INTO questions (id, year, subject_id, chapter_id, question_type, stem, answer, difficulty, source) VALUES ('q_b524db478376', 2026, 'subj_law', 'chap_mock', 'multiple', '下列关于保密审查的说法正确的是（）', 'ABC', 'medium', '2026 Mock Exam');
INSERT OR REPLACE INTO question_options (id, question_id, option_key, option_text, is_correct) VALUES ('opt_d5c5b7434984', 'q_b524db478376', 'A', '适用于发明和实用新型', 1);
INSERT OR REPLACE INTO question_options (id, question_id, option_key, option_text, is_correct) VALUES ('opt_86a241741f02', 'q_b524db478376', 'B', '向外国申请前需进行保密审查', 1);
INSERT OR REPLACE INTO question_options (id, question_id, option_key, option_text, is_correct) VALUES ('opt_d24070b4d516', 'q_b524db478376', 'C', '需保密的不得向外国申请', 1);
INSERT OR REPLACE INTO question_options (id, question_id, option_key, option_text, is_correct) VALUES ('opt_a8f2e3021144', 'q_b524db478376', 'D', '未经审查不得在中国申请专利', 0);
INSERT OR REPLACE INTO question_explanations (id, question_id, explanation, created_by) VALUES ('exp_10f776cef8a2', 'q_b524db478376', '未经保密审查不影响中国申请，但不得向外国申请，D 错误；A、B、C 正确。', 'system');
INSERT OR REPLACE INTO questions (id, year, subject_id, chapter_id, question_type, stem, answer, difficulty, source) VALUES ('q_83f1ab789630', 2026, 'subj_law', 'chap_mock', 'multiple', '下列关于专利标记权的说法正确的是（）', 'ABCD', 'medium', '2026 Mock Exam');
INSERT OR REPLACE INTO question_options (id, question_id, option_key, option_text, is_correct) VALUES ('opt_262733b15882', 'q_83f1ab789630', 'A', '专利权人有权在专利产品上标注专利标识', 1);
INSERT OR REPLACE INTO question_options (id, question_id, option_key, option_text, is_correct) VALUES ('opt_125675d996fe', 'q_83f1ab789630', 'B', '标注专利标识需注明专利号', 1);
INSERT OR REPLACE INTO question_options (id, question_id, option_key, option_text, is_correct) VALUES ('opt_59d6e14664f3', 'q_83f1ab789630', 'C', '非专利产品不得标注专利标识', 1);
INSERT OR REPLACE INTO question_options (id, question_id, option_key, option_text, is_correct) VALUES ('opt_edb5c3d9229f', 'q_83f1ab789630', 'D', '标注错误需承担法律责任', 1);
INSERT OR REPLACE INTO question_explanations (id, question_id, explanation, created_by) VALUES ('exp_ead1c2d00d40', 'q_83f1ab789630', '专利标记权为专利权人权利，标注需规范，非专利产品标注属假冒专利。', 'system');
INSERT OR REPLACE INTO questions (id, year, subject_id, chapter_id, question_type, stem, answer, difficulty, source) VALUES ('q_ed0033e66ffb', 2026, 'subj_law', 'chap_mock', 'multiple', '下列关于专利文献的说法正确的是（）', 'ABCD', 'medium', '2026 Mock Exam');
INSERT OR REPLACE INTO question_options (id, question_id, option_key, option_text, is_correct) VALUES ('opt_05271162f8b1', 'q_ed0033e66ffb', 'A', '发明专利申请公布后视为公开', 1);
INSERT OR REPLACE INTO question_options (id, question_id, option_key, option_text, is_correct) VALUES ('opt_5973b8697eaf', 'q_ed0033e66ffb', 'B', '实用新型专利授权公告后公开', 1);
INSERT OR REPLACE INTO question_options (id, question_id, option_key, option_text, is_correct) VALUES ('opt_404c25007824', 'q_ed0033e66ffb', 'C', '外观设计专利授权公告后公开', 1);
INSERT OR REPLACE INTO question_options (id, question_id, option_key, option_text, is_correct) VALUES ('opt_a36a7d3bb76f', 'q_ed0033e66ffb', 'D', '专利文献可作为现有技术证据', 1);
INSERT OR REPLACE INTO question_explanations (id, question_id, explanation, created_by) VALUES ('exp_fff88e225f33', 'q_ed0033e66ffb', '发明专利申请公布即公开，实用新型和外观设计授权公告后公开，均为现有技术证据。', 'system');
INSERT OR REPLACE INTO questions (id, year, subject_id, chapter_id, question_type, stem, answer, difficulty, source) VALUES ('q_3119c7bab8ca', 2026, 'subj_law', 'chap_mock', 'multiple', '下列关于专利行政复议的说法正确的是（）', 'ABC', 'medium', '2026 Mock Exam');
INSERT OR REPLACE INTO question_options (id, question_id, option_key, option_text, is_correct) VALUES ('opt_4ef52f715c8b', 'q_3119c7bab8ca', 'A', '针对国知局的具体行政行为', 1);
INSERT OR REPLACE INTO question_options (id, question_id, option_key, option_text, is_correct) VALUES ('opt_8682c3519fa0', 'q_3119c7bab8ca', 'B', '复议申请期限为 60 日', 1);
INSERT OR REPLACE INTO question_options (id, question_id, option_key, option_text, is_correct) VALUES ('opt_28bafd498802', 'q_3119c7bab8ca', 'C', '复议期间不停止具体行政行为执行', 1);
INSERT OR REPLACE INTO question_options (id, question_id, option_key, option_text, is_correct) VALUES ('opt_288f4e050eb3', 'q_3119c7bab8ca', 'D', '复议决定为终局决定', 0);
INSERT OR REPLACE INTO question_explanations (id, question_id, explanation, created_by) VALUES ('exp_3f5b46eff0f0', 'q_3119c7bab8ca', '复议决定可向法院起诉，非终局，D 错误；A、B、C 正确。', 'system');
INSERT OR REPLACE INTO questions (id, year, subject_id, chapter_id, question_type, stem, answer, difficulty, source) VALUES ('q_70379509db8e', 2026, 'subj_law', 'chap_mock', 'multiple', '下列属于假冒专利的行为是（）', 'ABC', 'medium', '2026 Mock Exam');
INSERT OR REPLACE INTO question_options (id, question_id, option_key, option_text, is_correct) VALUES ('opt_793f0c00543a', 'q_70379509db8e', 'A', '在非专利产品上标注专利标识', 1);
INSERT OR REPLACE INTO question_options (id, question_id, option_key, option_text, is_correct) VALUES ('opt_96790cec1d07', 'q_70379509db8e', 'B', '销售标注专利标识的非专利产品', 1);
INSERT OR REPLACE INTO question_options (id, question_id, option_key, option_text, is_correct) VALUES ('opt_3925d82dfdb1', 'q_70379509db8e', 'C', '伪造专利证书', 1);
INSERT OR REPLACE INTO question_options (id, question_id, option_key, option_text, is_correct) VALUES ('opt_0dceb4dd0016', 'q_70379509db8e', 'D', '夸大专利产品功效', 0);
INSERT OR REPLACE INTO question_explanations (id, question_id, explanation, created_by) VALUES ('exp_1c5ff56ecc82', 'q_70379509db8e', '夸大功效不属假冒专利，A、B、C 为典型假冒专利行为。', 'system');
INSERT OR REPLACE INTO questions (id, year, subject_id, chapter_id, question_type, stem, answer, difficulty, source) VALUES ('q_4e34fe413c0d', 2026, 'subj_law', 'chap_mock', 'multiple', '下列关于专利代理的说法正确的是（）', 'ABCD', 'medium', '2026 Mock Exam');
INSERT OR REPLACE INTO question_options (id, question_id, option_key, option_text, is_correct) VALUES ('opt_5922e8f4bd5e', 'q_4e34fe413c0d', 'A', '在中国没有经常居所的外国人需委托代理机构', 1);
INSERT OR REPLACE INTO question_options (id, question_id, option_key, option_text, is_correct) VALUES ('opt_72d6c5ea984c', 'q_4e34fe413c0d', 'B', '国内申请人可自行申请，也可委托代理机构', 1);
INSERT OR REPLACE INTO question_options (id, question_id, option_key, option_text, is_correct) VALUES ('opt_08424ce850c2', 'q_4e34fe413c0d', 'C', '代理机构需取得执业许可证', 1);
INSERT OR REPLACE INTO question_options (id, question_id, option_key, option_text, is_correct) VALUES ('opt_b9702ad6b6e5', 'q_4e34fe413c0d', 'D', '代理师需专职执业', 1);
INSERT OR REPLACE INTO question_explanations (id, question_id, explanation, created_by) VALUES ('exp_9686c397c859', 'q_4e34fe413c0d', '外国人（无经常居所 / 营业所）需委托代理机构，国内申请人可自行申请，A、B、C、D 均正确。', 'system');
INSERT OR REPLACE INTO questions (id, year, subject_id, chapter_id, question_type, stem, answer, difficulty, source) VALUES ('q_307f9428f3b0', 2026, 'subj_law', 'chap_mock', 'multiple', '下列关于单一性审查的说法正确的是（）', 'ABC', 'medium', '2026 Mock Exam');
INSERT OR REPLACE INTO question_options (id, question_id, option_key, option_text, is_correct) VALUES ('opt_ff982958aa53', 'q_307f9428f3b0', 'A', '初审阶段审查单一性', 1);
INSERT OR REPLACE INTO question_options (id, question_id, option_key, option_text, is_correct) VALUES ('opt_19da12afa126', 'q_307f9428f3b0', 'B', '实审阶段审查单一性', 1);
INSERT OR REPLACE INTO question_options (id, question_id, option_key, option_text, is_correct) VALUES ('opt_ee0027492109', 'q_307f9428f3b0', 'C', '单一性缺陷可通过分案克服', 1);
INSERT OR REPLACE INTO question_options (id, question_id, option_key, option_text, is_correct) VALUES ('opt_32db4551e9ca', 'q_307f9428f3b0', 'D', '缺乏单一性直接驳回申请', 0);
INSERT OR REPLACE INTO question_explanations (id, question_id, explanation, created_by) VALUES ('exp_eaf112a89280', 'q_307f9428f3b0', '缺乏单一性需通知申请人分案，不直接驳回，D 错误；A、B、C 正确。', 'system');
INSERT OR REPLACE INTO questions (id, year, subject_id, chapter_id, question_type, stem, answer, difficulty, source) VALUES ('q_fe985e520a7a', 2026, 'subj_law', 'chap_mock', 'multiple', '下列关于优先权要求的说法正确的是（）', 'ABCD', 'medium', '2026 Mock Exam');
INSERT OR REPLACE INTO question_options (id, question_id, option_key, option_text, is_correct) VALUES ('opt_7e55732b3f6c', 'q_fe985e520a7a', 'A', '需在申请时声明', 1);
INSERT OR REPLACE INTO question_options (id, question_id, option_key, option_text, is_correct) VALUES ('opt_faa87b5d276b', 'q_fe985e520a7a', 'B', '需在 3 个月内提交在先申请文件副本', 1);
INSERT OR REPLACE INTO question_options (id, question_id, option_key, option_text, is_correct) VALUES ('opt_44a404e65b79', 'q_fe985e520a7a', 'C', '优先权主张可撤回', 1);
INSERT OR REPLACE INTO question_options (id, question_id, option_key, option_text, is_correct) VALUES ('opt_9af6b361c54a', 'q_fe985e520a7a', 'D', '优先权期限不可延长', 1);
INSERT OR REPLACE INTO question_explanations (id, question_id, explanation, created_by) VALUES ('exp_ffde6a28d5c4', 'q_fe985e520a7a', '优先权需申请时声明，提交副本，可撤回，期限不可延长。', 'system');
INSERT OR REPLACE INTO questions (id, year, subject_id, chapter_id, question_type, stem, answer, difficulty, source) VALUES ('q_49be7933b926', 2026, 'subj_law', 'chap_mock', 'multiple', '下列关于专利申请的说法正确的是（）', 'ABC', 'medium', '2026 Mock Exam');
INSERT OR REPLACE INTO question_options (id, question_id, option_key, option_text, is_correct) VALUES ('opt_86aa154ba40d', 'q_49be7933b926', 'A', '可电子提交或书面提交', 1);
INSERT OR REPLACE INTO question_options (id, question_id, option_key, option_text, is_correct) VALUES ('opt_9a0be8742842', 'q_49be7933b926', 'B', '书面提交需使用国知局统一格式', 1);
INSERT OR REPLACE INTO question_options (id, question_id, option_key, option_text, is_correct) VALUES ('opt_f5329030e8f6', 'q_49be7933b926', 'C', '电子提交需通过国知局指定系统', 1);
INSERT OR REPLACE INTO question_options (id, question_id, option_key, option_text, is_correct) VALUES ('opt_7af068c75cbc', 'q_49be7933b926', 'D', '申请文件提交后不可修改', 0);
INSERT OR REPLACE INTO question_explanations (id, question_id, explanation, created_by) VALUES ('exp_f2af8566c685', 'q_49be7933b926', '申请文件提交后可在规定期限内修改，D 错误；A、B、C 正确。', 'system');
INSERT OR REPLACE INTO questions (id, year, subject_id, chapter_id, question_type, stem, answer, difficulty, source) VALUES ('q_7dc9ec97b1ee', 2026, 'subj_law', 'chap_mock', 'multiple', '下列关于专利权的说法正确的是（）', 'ACD', 'medium', '2026 Mock Exam');
INSERT OR REPLACE INTO question_options (id, question_id, option_key, option_text, is_correct) VALUES ('opt_c35231172044', 'q_7dc9ec97b1ee', 'A', '专利权自授权公告日起生效', 1);
INSERT OR REPLACE INTO question_options (id, question_id, option_key, option_text, is_correct) VALUES ('opt_4c7a5815ab4d', 'q_7dc9ec97b1ee', 'B', '专利权自申请日起受保护', 0);
INSERT OR REPLACE INTO question_options (id, question_id, option_key, option_text, is_correct) VALUES ('opt_d12add2ee7dc', 'q_7dc9ec97b1ee', 'C', '专利权具有排他性', 1);
INSERT OR REPLACE INTO question_options (id, question_id, option_key, option_text, is_correct) VALUES ('opt_2175212efb63', 'q_7dc9ec97b1ee', 'D', '专利权可转让、许可', 1);
INSERT OR REPLACE INTO question_explanations (id, question_id, explanation, created_by) VALUES ('exp_12f6f0a9f17f', 'q_7dc9ec97b1ee', '专利权自授权公告日起生效，申请日至授权公告日为临时保护期（仅可要求支付使用费），B 错误。', 'system');
INSERT OR REPLACE INTO questions (id, year, subject_id, chapter_id, question_type, stem, answer, difficulty, source) VALUES ('q_12cae45c1ca5', 2026, 'subj_law', 'chap_mock', 'multiple', '下列关于专利侵权的说法正确的是（）', 'ABC', 'medium', '2026 Mock Exam');
INSERT OR REPLACE INTO question_options (id, question_id, option_key, option_text, is_correct) VALUES ('opt_37614afd40d5', 'q_12cae45c1ca5', 'A', '生产经营目的实施专利构成侵权', 1);
INSERT OR REPLACE INTO question_options (id, question_id, option_key, option_text, is_correct) VALUES ('opt_8e63e0a2856c', 'q_12cae45c1ca5', 'B', '非生产经营目的实施不侵权', 1);
INSERT OR REPLACE INTO question_options (id, question_id, option_key, option_text, is_correct) VALUES ('opt_c567558ce001', 'q_12cae45c1ca5', 'C', '不知道是侵权产品且能证明合法来源的，不承担赔偿责任', 1);
INSERT OR REPLACE INTO question_options (id, question_id, option_key, option_text, is_correct) VALUES ('opt_3ac07b5459cd', 'q_12cae45c1ca5', 'D', '销售侵权产品一定承担赔偿责任', 0);
INSERT OR REPLACE INTO question_explanations (id, question_id, explanation, created_by) VALUES ('exp_97e8059d01d9', 'q_12cae45c1ca5', '不知道且合法来源的销售者不承担赔偿责任（需停止销售），D 错误；A、B、C 正确。', 'system');
INSERT OR REPLACE INTO questions (id, year, subject_id, chapter_id, question_type, stem, answer, difficulty, source) VALUES ('q_d94f34ade88d', 2026, 'subj_law', 'chap_mock', 'multiple', '下列关于无效宣告审理的说法正确的是（）', 'ABCD', 'medium', '2026 Mock Exam');
INSERT OR REPLACE INTO question_options (id, question_id, option_key, option_text, is_correct) VALUES ('opt_b4baf7d090ce', 'q_d94f34ade88d', 'A', '可书面审理', 1);
INSERT OR REPLACE INTO question_options (id, question_id, option_key, option_text, is_correct) VALUES ('opt_7623edd34c2c', 'q_d94f34ade88d', 'B', '可口头审理', 1);
INSERT OR REPLACE INTO question_options (id, question_id, option_key, option_text, is_correct) VALUES ('opt_e8c04f376b1f', 'q_d94f34ade88d', 'C', '当事人可和解', 1);
INSERT OR REPLACE INTO question_options (id, question_id, option_key, option_text, is_correct) VALUES ('opt_5e1ed1461873', 'q_d94f34ade88d', 'D', '可部分维持专利权有效', 1);
INSERT OR REPLACE INTO question_explanations (id, question_id, explanation, created_by) VALUES ('exp_7254485a1715', 'q_d94f34ade88d', '无效宣告可书面 / 口头审理，当事人可和解，可部分维持有效。', 'system');
INSERT OR REPLACE INTO questions (id, year, subject_id, chapter_id, question_type, stem, answer, difficulty, source) VALUES ('q_ac39d0b9ef31', 2026, 'subj_law', 'chap_mock', 'multiple', '下列关于复审审查的说法正确的是（）', '#  ABCD', 'medium', '2026 Mock Exam');
INSERT OR REPLACE INTO question_options (id, question_id, option_key, option_text, is_correct) VALUES ('opt_041167965cfb', 'q_ac39d0b9ef31', 'A', '复审委员会组成合议组审查', 1);
INSERT OR REPLACE INTO question_options (id, question_id, option_key, option_text, is_correct) VALUES ('opt_2acb0777f3e4', 'q_ac39d0b9ef31', 'B', '可进行口头审理', 1);
INSERT OR REPLACE INTO question_options (id, question_id, option_key, option_text, is_correct) VALUES ('opt_ca33cb684df6', 'q_ac39d0b9ef31', 'C', '复审请求人可修改申请文件', 1);
INSERT OR REPLACE INTO question_options (id, question_id, option_key, option_text, is_correct) VALUES ('opt_e77b31e4d1c5', 'q_ac39d0b9ef31', 'D', '复审决定需书面通知申请人', 1);
INSERT OR REPLACE INTO question_explanations (id, question_id, explanation, created_by) VALUES ('exp_a0dd7b590433', 'q_ac39d0b9ef31', '复审审查的核心规则，A、B、C、D 均正确。', 'system');
INSERT OR REPLACE INTO questions (id, year, subject_id, chapter_id, question_type, stem, answer, difficulty, source) VALUES ('q_c3b45cec04fa', 2026, 'subj_law', 'chap_mock', 'multiple', '下列关于专利法修改的说法正确的是（）', 'ABD', 'medium', '2026 Mock Exam');
INSERT OR REPLACE INTO question_options (id, question_id, option_key, option_text, is_correct) VALUES ('opt_aaf82a5c122b', 'q_c3b45cec04fa', 'A', '2021 年修改延长外观设计保护期', 1);
INSERT OR REPLACE INTO question_options (id, question_id, option_key, option_text, is_correct) VALUES ('opt_29d5acc1948f', 'q_c3b45cec04fa', 'B', '2024 年修改新增实用新型创造性审查', 1);
INSERT OR REPLACE INTO question_options (id, question_id, option_key, option_text, is_correct) VALUES ('opt_9584d6a9602b', 'q_c3b45cec04fa', 'C', '2021 年修改新增诚实信用原则', 0);
INSERT OR REPLACE INTO question_options (id, question_id, option_key, option_text, is_correct) VALUES ('opt_79baa56655d5', 'q_c3b45cec04fa', 'D', '2024 年修改新增优先权援引加入制度', 1);
INSERT OR REPLACE INTO question_explanations (id, question_id, explanation, created_by) VALUES ('exp_6cb38d1f18af', 'q_c3b45cec04fa', '诚实信用原则为 2020 年专利法修改新增，C 错误；A、B、D 正确。', 'system');
INSERT OR REPLACE INTO questions (id, year, subject_id, chapter_id, question_type, stem, answer, difficulty, source) VALUES ('q_ea7bc7ab3daf', 2026, 'subj_law', 'chap_mock', 'multiple', '下列关于申请权转让的说法正确的是（）', 'ABCD', 'medium', '2026 Mock Exam');
INSERT OR REPLACE INTO question_options (id, question_id, option_key, option_text, is_correct) VALUES ('opt_0687d8c12b57', 'q_ea7bc7ab3daf', 'A', '需书面合同', 1);
INSERT OR REPLACE INTO question_options (id, question_id, option_key, option_text, is_correct) VALUES ('opt_e16c79fcd128', 'q_ea7bc7ab3daf', 'B', '需国知局登记', 1);
INSERT OR REPLACE INTO question_options (id, question_id, option_key, option_text, is_correct) VALUES ('opt_00598822de07', 'q_ea7bc7ab3daf', 'C', '登记日生效', 1);
INSERT OR REPLACE INTO question_options (id, question_id, option_key, option_text, is_correct) VALUES ('opt_7956b53348ce', 'q_ea7bc7ab3daf', 'D', '中国单位向外国转让需批准', 1);
INSERT OR REPLACE INTO question_explanations (id, question_id, explanation, created_by) VALUES ('exp_b8068aa68753', 'q_ea7bc7ab3daf', '申请权转让需书面合同、国知局登记（登记日生效），向外国转让需批准。', 'system');
INSERT OR REPLACE INTO questions (id, year, subject_id, chapter_id, question_type, stem, answer, difficulty, source) VALUES ('q_9864be24af25', 2026, 'subj_law', 'chap_mock', 'multiple', '下列关于专利权质押的说法正确的是（）', 'ABC', 'medium', '2026 Mock Exam');
INSERT OR REPLACE INTO question_options (id, question_id, option_key, option_text, is_correct) VALUES ('opt_3d8857b562f4', 'q_9864be24af25', 'A', '需书面质押合同', 1);
INSERT OR REPLACE INTO question_options (id, question_id, option_key, option_text, is_correct) VALUES ('opt_b8e13d93abc9', 'q_9864be24af25', 'B', '需国知局登记', 1);
INSERT OR REPLACE INTO question_options (id, question_id, option_key, option_text, is_correct) VALUES ('opt_8b2cc5db78b5', 'q_9864be24af25', 'C', '质权自登记日设立', 1);
INSERT OR REPLACE INTO question_options (id, question_id, option_key, option_text, is_correct) VALUES ('opt_1a4e936d8973', 'q_9864be24af25', 'D', '质押期间专利权不得转让', 0);
INSERT OR REPLACE INTO question_explanations (id, question_id, explanation, created_by) VALUES ('exp_d44358ca57e7', 'q_9864be24af25', '质押期间专利权转让需质权人同意，D 错误；A、B、C 正确。', 'system');
INSERT OR REPLACE INTO questions (id, year, subject_id, chapter_id, question_type, stem, answer, difficulty, source) VALUES ('q_8586cea3f1eb', 2026, 'subj_law', 'chap_mock', 'multiple', '下列关于专利许可的说法正确的是（）', 'ABCD', 'medium', '2026 Mock Exam');
INSERT OR REPLACE INTO question_options (id, question_id, option_key, option_text, is_correct) VALUES ('opt_5efecabb1b9d', 'q_8586cea3f1eb', 'A', '实施许可合同需备案', 1);
INSERT OR REPLACE INTO question_options (id, question_id, option_key, option_text, is_correct) VALUES ('opt_4e207abc13d6', 'q_8586cea3f1eb', 'B', '独占许可被许可人可单独起诉', 1);
INSERT OR REPLACE INTO question_options (id, question_id, option_key, option_text, is_correct) VALUES ('opt_e9e28e017335', 'q_8586cea3f1eb', 'C', '普通许可被许可人需专利权人同意方可起诉', 1);
INSERT OR REPLACE INTO question_options (id, question_id, option_key, option_text, is_correct) VALUES ('opt_1d51f0c0c334', 'q_8586cea3f1eb', 'D', '交叉许可双方互为许可人', 1);
INSERT OR REPLACE INTO question_explanations (id, question_id, explanation, created_by) VALUES ('exp_f45e595d3d11', 'q_8586cea3f1eb', '专利许可的核心规则，A、B、C、D均正确。', 'system');
INSERT OR REPLACE INTO questions (id, year, subject_id, chapter_id, question_type, stem, answer, difficulty, source) VALUES ('q_ad37bc9dbfaa', 2026, 'subj_law', 'chap_mock', 'multiple', '下列关于现有技术的说法正确的是（）', 'ABD', 'medium', '2026 Mock Exam');
INSERT OR REPLACE INTO question_options (id, question_id, option_key, option_text, is_correct) VALUES ('opt_ef5a9eb575a7', 'q_ad37bc9dbfaa', 'A', '申请日（优先权日）前公开的技术', 1);
INSERT OR REPLACE INTO question_options (id, question_id, option_key, option_text, is_correct) VALUES ('opt_8e4379cbadf8', 'q_ad37bc9dbfaa', 'B', '包括国内外公开的技术', 1);
INSERT OR REPLACE INTO question_options (id, question_id, option_key, option_text, is_correct) VALUES ('opt_3e03534b14b5', 'q_ad37bc9dbfaa', 'C', '包括抵触申请', 0);
INSERT OR REPLACE INTO question_options (id, question_id, option_key, option_text, is_correct) VALUES ('opt_ab3987a0d38b', 'q_ad37bc9dbfaa', 'D', '可作为新颖性和创造性判断的依据', 1);
INSERT OR REPLACE INTO question_explanations (id, question_id, explanation, created_by) VALUES ('exp_5fb904153f1b', 'q_ad37bc9dbfaa', '抵触申请仅用于新颖性判断，不属现有技术，C 错误；A、B、D 正确。', 'system');
INSERT OR REPLACE INTO questions (id, year, subject_id, chapter_id, question_type, stem, answer, difficulty, source) VALUES ('q_357481f82813', 2026, 'subj_law', 'chap_mock', 'multiple', '下列关于技术方案的说法正确的是（）', 'ABC', 'medium', '2026 Mock Exam');
INSERT OR REPLACE INTO question_options (id, question_id, option_key, option_text, is_correct) VALUES ('opt_0dd232537690', 'q_357481f82813', 'A', '发明需包含完整的技术方案', 1);
INSERT OR REPLACE INTO question_options (id, question_id, option_key, option_text, is_correct) VALUES ('opt_6dd9df0871c6', 'q_357481f82813', 'B', '实用新型需包含完整的技术方案', 1);
INSERT OR REPLACE INTO question_options (id, question_id, option_key, option_text, is_correct) VALUES ('opt_d6a713ec9232', 'q_357481f82813', 'C', '技术方案需具有实用性', 1);
INSERT OR REPLACE INTO question_options (id, question_id, option_key, option_text, is_correct) VALUES ('opt_13c990a4034a', 'q_357481f82813', 'D', '技术方案可为抽象概念', 0);
INSERT OR REPLACE INTO question_explanations (id, question_id, explanation, created_by) VALUES ('exp_006ea884c85d', 'q_357481f82813', '技术方案需具体、完整，能解决技术问题，D 错误；A、B、C 正确。', 'system');
INSERT OR REPLACE INTO questions (id, year, subject_id, chapter_id, question_type, stem, answer, difficulty, source) VALUES ('q_2d2a3f354fdd', 2026, 'subj_law', 'chap_mock', 'multiple', '下列关于权利要求书的说法正确的是（）', 'ABCD', 'medium', '2026 Mock Exam');
INSERT OR REPLACE INTO question_options (id, question_id, option_key, option_text, is_correct) VALUES ('opt_1f7921953610', 'q_2d2a3f354fdd', 'A', '独立权利要求需记载必要技术特征', 1);
INSERT OR REPLACE INTO question_options (id, question_id, option_key, option_text, is_correct) VALUES ('opt_4f5e305cf5fb', 'q_2d2a3f354fdd', 'B', '从属权利要求需引用在前权利要求', 1);
INSERT OR REPLACE INTO question_options (id, question_id, option_key, option_text, is_correct) VALUES ('opt_538d0b2ccdb8', 'q_2d2a3f354fdd', 'C', '权利要求书需以说明书为依据', 1);
INSERT OR REPLACE INTO question_options (id, question_id, option_key, option_text, is_correct) VALUES ('opt_bfe4b462f129', 'q_2d2a3f354fdd', 'D', '权利要求书确定保护范围', 1);
INSERT OR REPLACE INTO question_explanations (id, question_id, explanation, created_by) VALUES ('exp_b6f6d260307f', 'q_2d2a3f354fdd', '权利要求书的核心要求，A、B、C、D 均正确。', 'system');
INSERT OR REPLACE INTO questions (id, year, subject_id, chapter_id, question_type, stem, answer, difficulty, source) VALUES ('q_8924a5be0f0a', 2026, 'subj_law', 'chap_mock', 'multiple', '下列关于说明书的说法正确的是（）', 'ABC', 'medium', '2026 Mock Exam');
INSERT OR REPLACE INTO question_options (id, question_id, option_key, option_text, is_correct) VALUES ('opt_e3271814cc5b', 'q_8924a5be0f0a', 'A', '需清楚、完整地公开技术方案', 1);
INSERT OR REPLACE INTO question_options (id, question_id, option_key, option_text, is_correct) VALUES ('opt_b22078613aca', 'q_8924a5be0f0a', 'B', '需支持权利要求书', 1);
INSERT OR REPLACE INTO question_options (id, question_id, option_key, option_text, is_correct) VALUES ('opt_d3bb21305a16', 'q_8924a5be0f0a', 'C', '需包含具体实施方式', 1);
INSERT OR REPLACE INTO question_options (id, question_id, option_key, option_text, is_correct) VALUES ('opt_0438855b4eb9', 'q_8924a5be0f0a', 'D', '摘要可作为修改依据', 0);
INSERT OR REPLACE INTO question_explanations (id, question_id, explanation, created_by) VALUES ('exp_7048914ec0f2', 'q_8924a5be0f0a', '摘要不可作为修改依据（仅用于快速了解技术方案），D 错误；A、B、C 正确。', 'system');
INSERT OR REPLACE INTO questions (id, year, subject_id, chapter_id, question_type, stem, answer, difficulty, source) VALUES ('q_55006638649c', 2026, 'subj_law', 'chap_mock', 'multiple', '下列关于外观设计简要说明的说法正确的是（）', 'ABC', 'medium', '2026 Mock Exam');
INSERT OR REPLACE INTO question_options (id, question_id, option_key, option_text, is_correct) VALUES ('opt_3dd66f60c5c3', 'q_55006638649c', 'A', '不得限定功能', 1);
INSERT OR REPLACE INTO question_options (id, question_id, option_key, option_text, is_correct) VALUES ('opt_5cececfbeebb', 'q_55006638649c', 'B', '可说明设计要点', 1);
INSERT OR REPLACE INTO question_options (id, question_id, option_key, option_text, is_correct) VALUES ('opt_e5afbae70ff4', 'q_55006638649c', 'C', '可说明请求保护的色彩', 1);
INSERT OR REPLACE INTO question_options (id, question_id, option_key, option_text, is_correct) VALUES ('opt_d728517851ef', 'q_55006638649c', 'D', '可限定产品用途', 0);
INSERT OR REPLACE INTO question_explanations (id, question_id, explanation, created_by) VALUES ('exp_6b08e1bc584f', 'q_55006638649c', '简要说明不得限定功能和产品用途，D 错误；A、B、C 正确。', 'system');
INSERT OR REPLACE INTO questions (id, year, subject_id, chapter_id, question_type, stem, answer, difficulty, source) VALUES ('q_07e2a7083ba9', 2026, 'subj_law', 'chap_mock', 'multiple', '下列关于专利审查的说法正确的是（）', 'ABCD', 'medium', '2026 Mock Exam');
INSERT OR REPLACE INTO question_options (id, question_id, option_key, option_text, is_correct) VALUES ('opt_575b6e40cb48', 'q_07e2a7083ba9', 'A', '发明专利需初步审查和实质审查', 1);
INSERT OR REPLACE INTO question_options (id, question_id, option_key, option_text, is_correct) VALUES ('opt_92fab739abfc', 'q_07e2a7083ba9', 'B', '实用新型仅需初步审查 (2024 年前)', 1);
INSERT OR REPLACE INTO question_options (id, question_id, option_key, option_text, is_correct) VALUES ('opt_602e19e920b2', 'q_07e2a7083ba9', 'C', '外观设计仅需初步审查', 1);
INSERT OR REPLACE INTO question_options (id, question_id, option_key, option_text, is_correct) VALUES ('opt_eca589003c64', 'q_07e2a7083ba9', 'D', '实质审查针对新颖性、创造性、实用性', 1);
INSERT OR REPLACE INTO question_explanations (id, question_id, explanation, created_by) VALUES ('exp_d216426bb5cd', 'q_07e2a7083ba9', '专利审查的基本流程，2024年后实用新型初步审查新增创造性审核，B表述为“2024年前”正确。', 'system');
INSERT OR REPLACE INTO questions (id, year, subject_id, chapter_id, question_type, stem, answer, difficulty, source) VALUES ('q_9ed42c13c7a7', 2026, 'subj_law', 'chap_mock', 'multiple', '下列关于专利代理行业管理的说法正确的是（）', 'ABD', 'medium', '2026 Mock Exam');
INSERT OR REPLACE INTO question_options (id, question_id, option_key, option_text, is_correct) VALUES ('opt_7ecabcf5417d', 'q_9ed42c13c7a7', 'A', '国家知识产权局主管专利代理工作', 1);
INSERT OR REPLACE INTO question_options (id, question_id, option_key, option_text, is_correct) VALUES ('opt_99fae92793e2', 'q_9ed42c13c7a7', 'B', '专利代理行业协会实行自律管理', 1);
INSERT OR REPLACE INTO question_options (id, question_id, option_key, option_text, is_correct) VALUES ('opt_69cb8d2e84be', 'q_9ed42c13c7a7', 'C', '代理机构需加入行业协会', 0);
INSERT OR REPLACE INTO question_options (id, question_id, option_key, option_text, is_correct) VALUES ('opt_44f7ce9150f2', 'q_9ed42c13c7a7', 'D', '代理师需参加继续教育', 1);
INSERT OR REPLACE INTO question_explanations (id, question_id, explanation, created_by) VALUES ('exp_9821bdabc8ab', 'q_9ed42c13c7a7', '代理机构可自愿加入行业协会，C 错误；A、B、D 正确。', 'system');
INSERT OR REPLACE INTO questions (id, year, subject_id, chapter_id, question_type, stem, answer, difficulty, source) VALUES ('q_186ccd2ac443', 2026, 'subj_law', 'chap_mock', 'multiple', '下列关于专利纠纷行政调解的说法正确的是（）', 'ABCD', 'medium', '2026 Mock Exam');
INSERT OR REPLACE INTO question_options (id, question_id, option_key, option_text, is_correct) VALUES ('opt_62ec863666c1', 'q_186ccd2ac443', 'A', '可调解权属纠纷', 1);
INSERT OR REPLACE INTO question_options (id, question_id, option_key, option_text, is_correct) VALUES ('opt_261de986b1bd', 'q_186ccd2ac443', 'B', '可调解赔偿纠纷', 1);
INSERT OR REPLACE INTO question_options (id, question_id, option_key, option_text, is_correct) VALUES ('opt_4bc3fb02ce30', 'q_186ccd2ac443', 'C', '调解协议具有法律效力', 1);
INSERT OR REPLACE INTO question_options (id, question_id, option_key, option_text, is_correct) VALUES ('opt_9888c441e35b', 'q_186ccd2ac443', 'D', '调解不成可向法院起诉', 1);
INSERT OR REPLACE INTO question_explanations (id, question_id, explanation, created_by) VALUES ('exp_bdb42d5ce600', 'q_186ccd2ac443', '行政调解的范围和效力，A、B、C、D 均正确。', 'system');
INSERT OR REPLACE INTO questions (id, year, subject_id, chapter_id, question_type, stem, answer, difficulty, source) VALUES ('q_8fe7883f3e5b', 2026, 'subj_law', 'chap_mock', 'multiple', '下列关于专利侵权临时措施的说法正确的是（）', 'ABCD', 'medium', '2026 Mock Exam');
INSERT OR REPLACE INTO question_options (id, question_id, option_key, option_text, is_correct) VALUES ('opt_8e7c4b776c6e', 'q_8fe7883f3e5b', 'A', '诉前停止侵权', 1);
INSERT OR REPLACE INTO question_options (id, question_id, option_key, option_text, is_correct) VALUES ('opt_764e53c229f2', 'q_8fe7883f3e5b', 'B', '诉前证据保全', 1);
INSERT OR REPLACE INTO question_options (id, question_id, option_key, option_text, is_correct) VALUES ('opt_1bc00fe0f0b0', 'q_8fe7883f3e5b', 'C', '需提供担保', 1);
INSERT OR REPLACE INTO question_options (id, question_id, option_key, option_text, is_correct) VALUES ('opt_ee9199cc8b28', 'q_8fe7883f3e5b', 'D', '法院裁定后 15 日内需起诉', 1);
INSERT OR REPLACE INTO question_explanations (id, question_id, explanation, created_by) VALUES ('exp_0978bc1db649', 'q_8fe7883f3e5b', '临时措施包括诉前停止侵权、证据保全，需提供担保，裁定后15日内起诉。', 'system');
INSERT OR REPLACE INTO questions (id, year, subject_id, chapter_id, question_type, stem, answer, difficulty, source) VALUES ('q_ffbda4b4b1c7', 2026, 'subj_law', 'chap_mock', 'multiple', '下列关于专利法国际条约的说法正确的是（）', 'ABC', 'medium', '2026 Mock Exam');
INSERT OR REPLACE INTO question_options (id, question_id, option_key, option_text, is_correct) VALUES ('opt_d0faeec34407', 'q_ffbda4b4b1c7', 'A', '巴黎公约规定优先权制度', 1);
INSERT OR REPLACE INTO question_options (id, question_id, option_key, option_text, is_correct) VALUES ('opt_669f8f73d174', 'q_ffbda4b4b1c7', 'B', 'PCT 规定国际申请程序', 1);
INSERT OR REPLACE INTO question_options (id, question_id, option_key, option_text, is_correct) VALUES ('opt_521f29924713', 'q_ffbda4b4b1c7', 'C', '巴黎公约适用于专利、商标等', 1);
INSERT OR REPLACE INTO question_options (id, question_id, option_key, option_text, is_correct) VALUES ('opt_66eb6afeb69c', 'q_ffbda4b4b1c7', 'D', 'PCT 可直接获得专利权', 0);
INSERT OR REPLACE INTO question_explanations (id, question_id, explanation, created_by) VALUES ('exp_5e5ac97a6f08', 'q_ffbda4b4b1c7', 'PCT 仅为国际申请程序，需进入国家阶段方可获得专利权，D 错误；A、B、C 正确。', 'system');
INSERT OR REPLACE INTO questions (id, year, subject_id, chapter_id, question_type, stem, answer, difficulty, source) VALUES ('q_82b2f03e2266', 2026, 'subj_law', 'chap_mock', 'multiple', '下列关于专利文献检索的说法正确的是（）', 'ABCD', 'medium', '2026 Mock Exam');
INSERT OR REPLACE INTO question_options (id, question_id, option_key, option_text, is_correct) VALUES ('opt_47d4236f4d8d', 'q_82b2f03e2266', 'A', '可检索现有技术', 1);
INSERT OR REPLACE INTO question_options (id, question_id, option_key, option_text, is_correct) VALUES ('opt_0a023f721ecf', 'q_82b2f03e2266', 'B', '可检索抵触申请', 1);
INSERT OR REPLACE INTO question_options (id, question_id, option_key, option_text, is_correct) VALUES ('opt_b99f687db1c1', 'q_82b2f03e2266', 'C', '可通过国知局数据库检索', 1);
INSERT OR REPLACE INTO question_options (id, question_id, option_key, option_text, is_correct) VALUES ('opt_5e8e60039cb5', 'q_82b2f03e2266', 'D', '检索结果可作为申请前评估依据', 1);
INSERT OR REPLACE INTO question_explanations (id, question_id, explanation, created_by) VALUES ('exp_3f6bc4b2b979', 'q_82b2f03e2266', '专利文献检索的目的和途径，A、B、C、D均正确。', 'system');
INSERT OR REPLACE INTO questions (id, year, subject_id, chapter_id, question_type, stem, answer, difficulty, source) VALUES ('q_1b2e55f0e0a6', 2026, 'subj_law', 'chap_mock', 'multiple', '下列关于专利申请策略的说法正确的是（）', 'ABCD', 'medium', '2026 Mock Exam');
INSERT OR REPLACE INTO question_options (id, question_id, option_key, option_text, is_correct) VALUES ('opt_8743e37aa2cb', 'q_1b2e55f0e0a6', 'A', '核心技术可同时申请发明和实用新型', 1);
INSERT OR REPLACE INTO question_options (id, question_id, option_key, option_text, is_correct) VALUES ('opt_24f866c32c03', 'q_1b2e55f0e0a6', 'B', '外观设计需提交清晰的图片 / 照片', 1);
INSERT OR REPLACE INTO question_options (id, question_id, option_key, option_text, is_correct) VALUES ('opt_8aafc45bfb48', 'q_1b2e55f0e0a6', 'C', '方法发明仅可申请发明专利', 1);
INSERT OR REPLACE INTO question_options (id, question_id, option_key, option_text, is_correct) VALUES ('opt_eaa2f2899c7f', 'q_1b2e55f0e0a6', 'D', '产品发明可申请发明或实用新型专利', 1);
INSERT OR REPLACE INTO question_explanations (id, question_id, explanation, created_by) VALUES ('exp_24ea0f39a39e', 'q_1b2e55f0e0a6', '专利申请的核心策略，A、B、C、D 均正确。', 'system');
INSERT OR REPLACE INTO questions (id, year, subject_id, chapter_id, question_type, stem, answer, difficulty, source) VALUES ('q_62c066da0ba7', 2026, 'subj_law', 'chap_mock', 'multiple', '下列关于专利权保护范围的说法正确的是（）', 'ABD', 'medium', '2026 Mock Exam');
INSERT OR REPLACE INTO question_options (id, question_id, option_key, option_text, is_correct) VALUES ('opt_b79360719ff0', 'q_62c066da0ba7', 'A', '发明 / 实用新型：以权利要求书为准，说明书和附图可解释', 1);
INSERT OR REPLACE INTO question_options (id, question_id, option_key, option_text, is_correct) VALUES ('opt_98de1d12e7a2', 'q_62c066da0ba7', 'B', '外观设计：以图片 / 照片为准，简要说明可解释', 1);
INSERT OR REPLACE INTO question_options (id, question_id, option_key, option_text, is_correct) VALUES ('opt_9adb502500bb', 'q_62c066da0ba7', 'C', '权利要求书不清楚时以说明书为准', 0);
INSERT OR REPLACE INTO question_options (id, question_id, option_key, option_text, is_correct) VALUES ('opt_1398b79d2a60', 'q_62c066da0ba7', 'D', '保护范围包括等同技术方案', 1);
INSERT OR REPLACE INTO question_explanations (id, question_id, explanation, created_by) VALUES ('exp_189008abc1d2', 'q_62c066da0ba7', '权利要求书不清楚时需通过修改或无效程序解决，不可直接以说明书为准，C 错误； A、B、D 正确。', 'system');
INSERT OR REPLACE INTO questions (id, year, subject_id, chapter_id, question_type, stem, answer, difficulty, source) VALUES ('q_fed0750e7772', 2026, 'subj_law', 'chap_mock', 'multiple', '下列关于专利侵权判定的说法正确的是（）', 'ABCD', 'medium', '2026 Mock Exam');
INSERT OR REPLACE INTO question_options (id, question_id, option_key, option_text, is_correct) VALUES ('opt_d2bb519199e2', 'q_fed0750e7772', 'A', '全面覆盖原则', 1);
INSERT OR REPLACE INTO question_options (id, question_id, option_key, option_text, is_correct) VALUES ('opt_fd77957f67a1', 'q_fed0750e7772', 'B', '等同原则', 1);
INSERT OR REPLACE INTO question_options (id, question_id, option_key, option_text, is_correct) VALUES ('opt_69669bceb0d7', 'q_fed0750e7772', 'C', '禁止反悔原则', 1);
INSERT OR REPLACE INTO question_options (id, question_id, option_key, option_text, is_correct) VALUES ('opt_0533a20a2710', 'q_fed0750e7772', 'D', '现有技术抗辩原则', 1);
INSERT OR REPLACE INTO question_explanations (id, question_id, explanation, created_by) VALUES ('exp_50270ffd981e', 'q_fed0750e7772', '专利侵权判定的四大核心原则，A、B、C、D 均正确。', 'system');
INSERT OR REPLACE INTO questions (id, year, subject_id, chapter_id, question_type, stem, answer, difficulty, source) VALUES ('q_77f6e3f7c047', 2026, 'subj_law', 'chap_mock', 'multiple', '下列关于无效宣告请求的说法正确的是（）', 'ABC', 'medium', '2026 Mock Exam');
INSERT OR REPLACE INTO question_options (id, question_id, option_key, option_text, is_correct) VALUES ('opt_32348a9ee897', 'q_77f6e3f7c047', 'A', '需提交请求书和证据', 1);
INSERT OR REPLACE INTO question_options (id, question_id, option_key, option_text, is_correct) VALUES ('opt_6bf423b4fcf2', 'q_77f6e3f7c047', 'B', '需说明无效理由', 1);
INSERT OR REPLACE INTO question_options (id, question_id, option_key, option_text, is_correct) VALUES ('opt_49ca6c7259a3', 'q_77f6e3f7c047', 'C', '可针对部分权利要求', 1);
INSERT OR REPLACE INTO question_options (id, question_id, option_key, option_text, is_correct) VALUES ('opt_6b384be7d7c3', 'q_77f6e3f7c047', 'D', '授权前可提出', 0);
INSERT OR REPLACE INTO question_explanations (id, question_id, explanation, created_by) VALUES ('exp_775285768153', 'q_77f6e3f7c047', '无效宣告需在授权后提出，D 错误；A、B、C 正确。', 'system');
INSERT OR REPLACE INTO questions (id, year, subject_id, chapter_id, question_type, stem, answer, difficulty, source) VALUES ('q_f344d4baef3a', 2026, 'subj_law', 'chap_mock', 'multiple', '下列关于复审请求的说法正确的是（）', 'ABC', 'medium', '2026 Mock Exam');
INSERT OR REPLACE INTO question_options (id, question_id, option_key, option_text, is_correct) VALUES ('opt_7eab83404219', 'q_f344d4baef3a', 'A', '需提交复审请求书', 1);
INSERT OR REPLACE INTO question_options (id, question_id, option_key, option_text, is_correct) VALUES ('opt_fc702e36f964', 'q_f344d4baef3a', 'B', '需缴纳复审费', 1);
INSERT OR REPLACE INTO question_options (id, question_id, option_key, option_text, is_correct) VALUES ('opt_aa79ad9c40ed', 'q_f344d4baef3a', 'C', '可修改申请文件', 1);
INSERT OR REPLACE INTO question_options (id, question_id, option_key, option_text, is_correct) VALUES ('opt_d809a0b237db', 'q_f344d4baef3a', 'D', '驳回决定生效后可提出', 0);
INSERT OR REPLACE INTO question_explanations (id, question_id, explanation, created_by) VALUES ('exp_fb77814dab99', 'q_f344d4baef3a', '复审请求需在驳回决定收到后 3 个月内提出，生效后不可提出，D 错误；A、B、C 正确。', 'system');
INSERT OR REPLACE INTO questions (id, year, subject_id, chapter_id, question_type, stem, answer, difficulty, source) VALUES ('q_dd0143578da4', 2026, 'subj_law', 'chap_mock', 'multiple', '下列关于专利法律责任的说法正确的是（）', 'ABCD', 'medium', '2026 Mock Exam');
INSERT OR REPLACE INTO question_options (id, question_id, option_key, option_text, is_correct) VALUES ('opt_2db8d125d9c4', 'q_dd0143578da4', 'A', '假冒专利可追究刑事责任', 1);
INSERT OR REPLACE INTO question_options (id, question_id, option_key, option_text, is_correct) VALUES ('opt_ae4a11b7dcda', 'q_dd0143578da4', 'B', '专利侵权可追究民事责任', 1);
INSERT OR REPLACE INTO question_options (id, question_id, option_key, option_text, is_correct) VALUES ('opt_39354daddec0', 'q_dd0143578da4', 'C', '非正常申请可追究行政责任', 1);
INSERT OR REPLACE INTO question_options (id, question_id, option_key, option_text, is_correct) VALUES ('opt_d17569b0825a', 'q_dd0143578da4', 'D', '专利代理违法可追究行政责任', 1);
INSERT OR REPLACE INTO question_explanations (id, question_id, explanation, created_by) VALUES ('exp_8d70084a6135', 'q_dd0143578da4', '专利法律责任包括民事、行政、刑事责任，A、B、C、D均正确。', 'system');